workload,db,strategy,mem_limit,rep,first_query_us,avg_us,majflt,minflt
A,orig,base,20M,1,303.94,1.85,217,353
A,orig,2d,20M,1,225.59,1.86,232,311
A,orig,2e_K10,20M,1,218.21,1.84,212,325
A,orig,2e_K50,20M,1,227.68,1.84,229,373
A,orig,2e_K100,20M,1,212.58,1.89,244,414
A,orig,2e_K500,20M,1,81.50,1.82,221,449
A,orig,2f_SLRU,20M,1,15.39,1.79,177,490
A,orig,base,20M,2,309.03,1.82,205,326
A,orig,2d,20M,2,221.79,1.79,208,288
A,orig,2e_K10,20M,2,226.50,1.87,222,374
A,orig,2e_K50,20M,2,237.55,1.80,222,318
A,orig,2e_K100,20M,2,209.56,1.89,248,423
A,orig,2e_K500,20M,2,82.19,1.87,256,459
A,orig,2f_SLRU,20M,2,19.72,1.79,172,493
A,orig,base,20M,3,296.62,1.80,203,327
A,orig,2d,20M,3,233.21,1.79,205,296
A,orig,2e_K10,20M,3,227.28,1.86,226,376
A,orig,2e_K50,20M,3,223.45,1.84,223,375
A,orig,2e_K100,20M,3,212.46,1.87,247,424
A,orig,2e_K500,20M,3,79.55,1.83,235,442
A,orig,2f_SLRU,20M,3,16.01,1.79,174,522
A,orig,base,20M,4,299.25,1.82,211,290
A,orig,2d,20M,4,247.15,1.86,202,290
A,orig,2e_K10,20M,4,227.92,1.77,196,293
A,orig,2e_K50,20M,4,226.96,1.80,222,376
A,orig,2e_K100,20M,4,217.32,1.82,231,403
A,orig,2e_K500,20M,4,82.96,1.88,254,477
A,orig,2f_SLRU,20M,4,19.46,1.79,170,495
A,orig,base,20M,5,301.31,1.82,206,282
A,orig,2d,20M,5,223.62,1.80,192,290
A,orig,2e_K10,20M,5,220.41,1.78,194,295
A,orig,2e_K50,20M,5,226.34,1.85,250,332
A,orig,2e_K100,20M,5,209.95,1.87,258,362
A,orig,2e_K500,20M,5,87.67,1.85,227,445
A,orig,2f_SLRU,20M,5,16.54,1.77,172,490
A,orig,base,20M,6,346.94,1.84,213,350
A,orig,2d,20M,6,226.64,1.82,211,360
A,orig,2e_K10,20M,6,222.50,1.84,226,370
A,orig,2e_K50,20M,6,225.23,1.81,216,311
A,orig,2e_K100,20M,6,220.91,1.84,239,419
A,orig,2e_K500,20M,6,76.94,1.86,228,445
A,orig,2f_SLRU,20M,6,16.30,1.77,173,502
A,orig,base,none,1,296.03,1.79,180,270
A,orig,2d,none,1,232.60,1.79,178,281
A,orig,2e_K10,none,1,223.10,1.80,181,286
A,orig,2e_K50,none,1,227.20,1.78,182,305
A,orig,2e_K100,none,1,216.92,1.77,183,322
A,orig,2e_K500,none,1,86.92,1.81,179,404
A,orig,2f_SLRU,none,1,17.38,1.48,0,279
A,orig,base,none,2,306.27,1.77,180,270
A,orig,2d,none,2,222.85,1.79,178,280
A,orig,2e_K10,none,2,229.03,1.78,181,285
A,orig,2e_K50,none,2,226.06,1.75,182,305
A,orig,2e_K100,none,2,208.84,1.76,183,322
A,orig,2e_K500,none,2,77.99,1.81,179,408
A,orig,2f_SLRU,none,2,14.99,1.51,0,279
A,orig,base,none,3,313.37,1.79,180,270
A,orig,2d,none,3,222.38,1.78,178,281
A,orig,2e_K10,none,3,228.83,1.79,181,285
A,orig,2e_K50,none,3,235.65,1.78,182,305
A,orig,2e_K100,none,3,212.50,1.79,183,324
A,orig,2e_K500,none,3,81.08,1.84,179,407
A,orig,2f_SLRU,none,3,20.40,1.50,0,279
A,orig,base,none,4,306.53,1.77,180,270
A,orig,2d,none,4,220.21,1.77,178,281
A,orig,2e_K10,none,4,221.01,1.78,181,285
A,orig,2e_K50,none,4,222.32,1.77,182,306
A,orig,2e_K100,none,4,211.04,1.78,183,324
A,orig,2e_K500,none,4,78.34,1.79,179,409
A,orig,2f_SLRU,none,4,16.21,1.50,0,279
A,orig,base,none,5,292.60,1.78,180,270
A,orig,2d,none,5,222.90,1.80,178,281
A,orig,2e_K10,none,5,227.40,1.78,181,285
A,orig,2e_K50,none,5,232.98,1.77,182,305
A,orig,2e_K100,none,5,209.50,1.77,183,323
A,orig,2e_K500,none,5,76.75,1.79,179,410
A,orig,2f_SLRU,none,5,18.55,1.49,0,279
A,orig,base,none,6,308.69,1.75,180,270
A,orig,2d,none,6,219.91,1.75,178,281
A,orig,2e_K10,none,6,222.29,1.76,181,285
A,orig,2e_K50,none,6,227.43,1.76,182,303
A,orig,2e_K100,none,6,211.43,1.77,183,321
A,orig,2e_K500,none,6,75.66,1.79,179,408
A,orig,2f_SLRU,none,6,16.31,1.50,0,279
A,vacuum,base,20M,1,338.77,1.69,142,219
A,vacuum,2d,20M,1,242.65,1.70,142,228
A,vacuum,2e_K10,20M,1,250.20,1.73,143,234
A,vacuum,2e_K50,20M,1,252.41,1.72,148,238
A,vacuum,2e_K100,20M,1,264.37,1.73,147,259
A,vacuum,2e_K500,20M,1,84.82,1.73,145,325
A,vacuum,2f_SLRU,20M,1,17.26,1.49,0,215
A,vacuum,base,20M,2,339.18,1.71,142,219
A,vacuum,2d,20M,2,240.53,1.72,142,228
A,vacuum,2e_K10,20M,2,240.41,1.73,143,234
A,vacuum,2e_K50,20M,2,247.06,1.71,148,238
A,vacuum,2e_K100,20M,2,271.09,1.71,147,259
A,vacuum,2e_K500,20M,2,86.62,1.73,145,325
A,vacuum,2f_SLRU,20M,2,15.93,1.49,0,215
A,vacuum,base,20M,3,336.89,1.74,142,219
A,vacuum,2d,20M,3,243.05,1.70,142,228
A,vacuum,2e_K10,20M,3,242.55,1.73,143,234
A,vacuum,2e_K50,20M,3,250.12,1.72,148,239
A,vacuum,2e_K100,20M,3,269.74,1.73,147,259
A,vacuum,2e_K500,20M,3,76.89,1.72,145,322
A,vacuum,2f_SLRU,20M,3,16.13,1.50,0,215
A,vacuum,base,20M,4,334.59,1.72,142,220
A,vacuum,2d,20M,4,246.24,1.71,142,228
A,vacuum,2e_K10,20M,4,240.64,1.73,143,234
A,vacuum,2e_K50,20M,4,255.07,1.71,148,239
A,vacuum,2e_K100,20M,4,214.24,1.73,147,257
A,vacuum,2e_K500,20M,4,81.48,1.72,145,324
A,vacuum,2f_SLRU,20M,4,19.00,1.52,0,215
A,vacuum,base,20M,5,339.55,1.70,142,219
A,vacuum,2d,20M,5,243.77,1.70,142,228
A,vacuum,2e_K10,20M,5,239.07,1.72,143,234
A,vacuum,2e_K50,20M,5,245.01,1.71,148,238
A,vacuum,2e_K100,20M,5,259.95,1.73,147,260
A,vacuum,2e_K500,20M,5,82.14,1.75,145,324
A,vacuum,2f_SLRU,20M,5,20.46,1.50,0,215
A,vacuum,base,20M,6,337.57,1.70,142,219
A,vacuum,2d,20M,6,257.48,1.72,142,228
A,vacuum,2e_K10,20M,6,245.63,1.70,143,236
A,vacuum,2e_K50,20M,6,235.82,1.72,148,238
A,vacuum,2e_K100,20M,6,267.21,1.78,147,259
A,vacuum,2e_K500,20M,6,83.16,1.72,145,323
A,vacuum,2f_SLRU,20M,6,19.48,1.51,0,215
A,vacuum,base,none,1,335.86,1.69,142,219
A,vacuum,2d,none,1,247.66,1.69,142,228
A,vacuum,2e_K10,none,1,246.76,1.71,143,234
A,vacuum,2e_K50,none,1,241.62,1.75,148,238
A,vacuum,2e_K100,none,1,226.31,1.71,147,259
A,vacuum,2e_K500,none,1,78.88,1.72,145,322
A,vacuum,2f_SLRU,none,1,15.91,1.50,0,215
A,vacuum,base,none,2,361.67,1.71,142,219
A,vacuum,2d,none,2,243.59,1.71,142,228
A,vacuum,2e_K10,none,2,241.34,1.72,143,234
A,vacuum,2e_K50,none,2,245.48,1.71,148,237
A,vacuum,2e_K100,none,2,209.24,1.71,147,258
A,vacuum,2e_K500,none,2,76.00,1.74,145,325
A,vacuum,2f_SLRU,none,2,34.84,1.52,0,215
A,vacuum,base,none,3,337.74,1.73,142,219
A,vacuum,2d,none,3,239.99,1.69,142,228
A,vacuum,2e_K10,none,3,239.45,1.70,143,234
A,vacuum,2e_K50,none,3,249.97,1.71,148,238
A,vacuum,2e_K100,none,3,210.00,1.73,147,259
A,vacuum,2e_K500,none,3,77.41,1.77,145,323
A,vacuum,2f_SLRU,none,3,14.89,1.49,0,216
A,vacuum,base,none,4,339.24,1.72,142,219
A,vacuum,2d,none,4,247.82,1.73,142,228
A,vacuum,2e_K10,none,4,240.53,1.71,143,235
A,vacuum,2e_K50,none,4,243.36,1.71,148,239
A,vacuum,2e_K100,none,4,266.58,1.73,147,261
A,vacuum,2e_K500,none,4,78.42,1.73,145,324
A,vacuum,2f_SLRU,none,4,17.01,1.49,0,215
A,vacuum,base,none,5,332.33,1.73,142,219
A,vacuum,2d,none,5,240.50,1.73,142,228
A,vacuum,2e_K10,none,5,232.74,1.72,143,234
A,vacuum,2e_K50,none,5,257.72,1.70,148,239
A,vacuum,2e_K100,none,5,219.67,1.71,147,257
A,vacuum,2e_K500,none,5,78.59,1.76,145,322
A,vacuum,2f_SLRU,none,5,16.69,1.54,0,215
A,vacuum,base,none,6,334.00,1.69,142,220
A,vacuum,2d,none,6,231.18,1.69,142,228
A,vacuum,2e_K10,none,6,240.01,1.73,143,234
A,vacuum,2e_K50,none,6,239.57,1.71,148,239
A,vacuum,2e_K100,none,6,267.73,1.71,147,260
A,vacuum,2e_K500,none,6,82.15,1.71,145,322
A,vacuum,2f_SLRU,none,6,14.56,1.50,0,215
A,ta,base,20M,1,409.58,1.81,205,351
A,ta,2d,20M,1,128.73,1.85,199,286
A,ta,2e_K10,20M,1,240.65,1.83,210,306
A,ta,2e_K50,20M,1,284.69,1.87,213,375
A,ta,2e_K100,20M,1,390.54,1.91,216,331
A,ta,2e_K500,20M,1,111.98,1.89,224,440
A,ta,2f_SLRU,20M,1,17.40,1.87,182,535
A,ta,base,20M,2,410.91,1.85,219,298
A,ta,2d,20M,2,134.01,1.84,200,326
A,ta,2e_K10,20M,2,259.14,1.85,209,342
A,ta,2e_K50,20M,2,246.02,1.86,224,315
A,ta,2e_K100,20M,2,333.41,1.85,207,369
A,ta,2e_K500,20M,2,113.62,1.88,225,455
A,ta,2f_SLRU,20M,2,16.95,1.82,179,495
A,ta,base,20M,3,409.99,1.85,216,375
A,ta,2d,20M,3,132.28,1.89,271,379
A,ta,2e_K10,20M,3,252.84,1.83,221,383
A,ta,2e_K50,20M,3,252.03,1.83,202,325
A,ta,2e_K100,20M,3,317.47,1.88,206,352
A,ta,2e_K500,20M,3,111.55,1.85,213,454
A,ta,2f_SLRU,20M,3,16.02,1.80,172,502
A,ta,base,20M,4,409.74,1.83,205,332
A,ta,2d,20M,4,121.07,1.85,213,372
A,ta,2e_K10,20M,4,260.12,1.87,223,379
A,ta,2e_K50,20M,4,256.33,1.85,225,374
A,ta,2e_K100,20M,4,389.18,1.92,224,386
A,ta,2e_K500,20M,4,81.43,1.85,219,429
A,ta,2f_SLRU,20M,4,15.40,1.76,168,515
A,ta,base,20M,5,405.56,1.80,199,289
A,ta,2d,20M,5,128.62,1.83,208,354
A,ta,2e_K10,20M,5,252.43,1.80,200,292
A,ta,2e_K50,20M,5,249.13,1.85,222,378
A,ta,2e_K100,20M,5,397.70,1.85,198,334
A,ta,2e_K500,20M,5,219.40,1.81,211,442
A,ta,2f_SLRU,20M,5,15.94,1.79,181,490
A,ta,base,20M,6,403.50,1.83,202,328
A,ta,2d,20M,6,133.17,1.81,191,288
A,ta,2e_K10,20M,6,249.43,1.84,214,347
A,ta,2e_K50,20M,6,255.52,1.81,206,338
A,ta,2e_K100,20M,6,352.93,1.94,241,344
A,ta,2e_K500,20M,6,206.20,1.85,214,411
A,ta,2f_SLRU,20M,6,14.88,1.86,196,511
A,ta,base,none,1,408.91,1.78,177,276
A,ta,2d,none,1,129.46,1.79,176,275
A,ta,2e_K10,none,1,248.55,1.76,179,279
A,ta,2e_K50,none,1,251.30,1.79,180,294
A,ta,2e_K100,none,1,396.33,1.83,181,314
A,ta,2e_K500,none,1,194.44,1.81,178,386
A,ta,2f_SLRU,none,1,15.40,1.51,0,280
A,ta,base,none,2,407.46,1.80,177,276
A,ta,2d,none,2,131.43,1.76,176,275
A,ta,2e_K10,none,2,263.21,1.76,179,279
A,ta,2e_K50,none,2,247.81,1.79,180,295
A,ta,2e_K100,none,2,377.59,1.82,181,313
A,ta,2e_K500,none,2,130.86,1.79,178,387
A,ta,2f_SLRU,none,2,17.75,1.50,0,280
A,ta,base,none,3,424.22,1.77,177,276
A,ta,2d,none,3,131.21,1.77,176,275
A,ta,2e_K10,none,3,250.39,1.78,179,279
A,ta,2e_K50,none,3,249.65,1.78,180,295
A,ta,2e_K100,none,3,356.06,1.81,181,312
A,ta,2e_K500,none,3,107.23,1.80,178,387
A,ta,2f_SLRU,none,3,17.60,1.51,0,280
A,ta,base,none,4,407.90,1.79,177,276
A,ta,2d,none,4,129.44,1.77,176,275
A,ta,2e_K10,none,4,272.84,1.78,179,279
A,ta,2e_K50,none,4,251.19,1.80,180,295
A,ta,2e_K100,none,4,369.54,1.82,181,312
A,ta,2e_K500,none,4,152.31,1.81,178,389
A,ta,2f_SLRU,none,4,20.45,1.51,0,280
A,ta,base,none,5,406.15,1.79,177,276
A,ta,2d,none,5,131.66,1.78,176,275
A,ta,2e_K10,none,5,247.22,1.76,179,279
A,ta,2e_K50,none,5,250.36,1.78,180,294
A,ta,2e_K100,none,5,332.01,1.82,181,312
A,ta,2e_K500,none,5,86.55,1.81,178,390
A,ta,2f_SLRU,none,5,14.62,1.53,0,280
A,ta,base,none,6,408.78,1.76,177,276
A,ta,2d,none,6,128.38,1.77,176,275
A,ta,2e_K10,none,6,254.55,1.77,179,279
A,ta,2e_K50,none,6,260.70,1.79,180,295
A,ta,2e_K100,none,6,474.41,1.82,181,313
A,ta,2e_K500,none,6,82.31,1.82,178,390
A,ta,2f_SLRU,none,6,15.88,1.54,0,281
B,orig,base,20M,1,464.52,1.91,221,381
B,orig,2d,20M,1,253.54,1.89,216,364
B,orig,2e_K10,20M,1,240.84,1.86,189,289
B,orig,2e_K50,20M,1,242.46,1.84,197,294
B,orig,2e_K100,20M,1,244.08,1.91,251,389
B,orig,2e_K500,20M,1,297.03,1.88,240,354
B,orig,2f_SLRU,20M,1,20.02,1.85,186,514
B,orig,base,20M,2,458.20,1.85,189,285
B,orig,2d,20M,2,247.37,1.83,188,284
B,orig,2e_K10,20M,2,251.61,1.83,190,290
B,orig,2e_K50,20M,2,262.07,1.91,238,353
B,orig,2e_K100,20M,2,257.94,1.93,250,392
B,orig,2e_K500,20M,2,283.34,1.89,228,349
B,orig,2f_SLRU,20M,2,17.23,1.85,179,492
B,orig,base,20M,3,463.73,1.85,189,284
B,orig,2d,20M,3,239.37,1.87,212,370
B,orig,2e_K10,20M,3,242.72,1.88,216,355
B,orig,2e_K50,20M,3,247.03,1.89,231,339
B,orig,2e_K100,20M,3,254.50,1.88,235,393
B,orig,2e_K500,20M,3,321.08,1.89,235,343
B,orig,2f_SLRU,20M,3,16.96,1.85,181,508
B,orig,base,20M,4,457.33,1.88,198,351
B,orig,2d,20M,4,234.65,1.82,187,287
B,orig,2e_K10,20M,4,244.42,1.83,190,289
B,orig,2e_K50,20M,4,311.85,1.90,194,288
B,orig,2e_K100,20M,4,252.94,1.86,206,303
B,orig,2e_K500,20M,4,258.98,1.92,230,357
B,orig,2f_SLRU,20M,4,19.43,1.83,181,505
B,orig,base,20M,5,468.93,1.84,196,283
B,orig,2d,20M,5,246.29,1.88,214,357
B,orig,2e_K10,20M,5,254.35,1.85,193,291
B,orig,2e_K50,20M,5,247.72,1.89,223,357
B,orig,2e_K100,20M,5,261.46,1.95,219,366
B,orig,2e_K500,20M,5,271.98,1.91,239,392
B,orig,2f_SLRU,20M,5,20.76,1.86,188,512
B,orig,base,20M,6,462.39,1.84,186,283
B,orig,2d,20M,6,242.85,1.93,212,342
B,orig,2e_K10,20M,6,245.40,1.87,190,291
B,orig,2e_K50,20M,6,244.83,1.88,222,357
B,orig,2e_K100,20M,6,243.02,1.86,207,304
B,orig,2e_K500,20M,6,324.84,1.91,243,358
B,orig,2f_SLRU,20M,6,16.09,1.85,176,496
B,orig,base,none,1,452.51,1.82,181,273
B,orig,2d,none,1,250.91,1.83,181,277
B,orig,2e_K10,none,1,251.30,1.83,181,279
B,orig,2e_K50,none,1,252.56,1.83,183,285
B,orig,2e_K100,none,1,252.75,1.85,184,290
B,orig,2e_K500,none,1,267.14,1.86,186,326
B,orig,2f_SLRU,none,1,17.33,1.56,0,280
B,orig,base,none,2,461.86,1.85,181,273
B,orig,2d,none,2,261.33,1.82,181,277
B,orig,2e_K10,none,2,246.82,1.87,181,279
B,orig,2e_K50,none,2,269.87,1.84,183,284
B,orig,2e_K100,none,2,248.32,1.84,184,290
B,orig,2e_K500,none,2,278.89,1.88,186,320
B,orig,2f_SLRU,none,2,16.39,1.54,0,279
B,orig,base,none,3,466.68,1.83,181,273
B,orig,2d,none,3,251.42,1.85,181,277
B,orig,2e_K10,none,3,249.91,1.84,181,280
B,orig,2e_K50,none,3,251.01,1.85,183,285
B,orig,2e_K100,none,3,254.54,1.86,184,291
B,orig,2e_K500,none,3,412.35,1.85,186,323
B,orig,2f_SLRU,none,3,15.87,1.56,0,279
B,orig,base,none,4,472.82,1.88,181,273
B,orig,2d,none,4,281.04,1.84,181,277
B,orig,2e_K10,none,4,245.67,1.83,181,279
B,orig,2e_K50,none,4,257.38,1.84,183,285
B,orig,2e_K100,none,4,251.90,1.83,184,291
B,orig,2e_K500,none,4,258.11,1.85,186,325
B,orig,2f_SLRU,none,4,19.64,1.56,0,279
B,orig,base,none,5,473.78,1.83,181,273
B,orig,2d,none,5,256.03,1.84,181,277
B,orig,2e_K10,none,5,254.62,1.84,181,279
B,orig,2e_K50,none,5,249.78,1.85,183,285
B,orig,2e_K100,none,5,268.61,1.89,184,289
B,orig,2e_K500,none,5,253.22,1.85,186,323
B,orig,2f_SLRU,none,5,15.36,1.54,0,279
B,orig,base,none,6,471.13,1.81,181,273
B,orig,2d,none,6,257.50,1.84,181,277
B,orig,2e_K10,none,6,251.76,1.84,181,280
B,orig,2e_K50,none,6,256.85,1.85,183,284
B,orig,2e_K100,none,6,259.07,1.85,184,290
B,orig,2e_K500,none,6,219.83,1.84,186,326
B,orig,2f_SLRU,none,6,16.93,1.58,0,279
B,vacuum,base,20M,1,532.44,1.78,144,237
B,vacuum,2d,20M,1,270.11,1.76,145,235
B,vacuum,2e_K10,20M,1,265.93,1.78,145,237
B,vacuum,2e_K50,20M,1,275.25,1.78,147,241
B,vacuum,2e_K100,20M,1,258.70,1.77,149,244
B,vacuum,2e_K500,20M,1,307.86,1.81,151,273
B,vacuum,2f_SLRU,20M,1,16.69,1.57,0,215
B,vacuum,base,20M,2,517.76,1.79,144,237
B,vacuum,2d,20M,2,252.60,1.81,145,235
B,vacuum,2e_K10,20M,2,255.89,1.79,145,238
B,vacuum,2e_K50,20M,2,255.08,1.80,147,241
B,vacuum,2e_K100,20M,2,255.37,1.82,149,243
B,vacuum,2e_K500,20M,2,297.15,1.81,151,266
B,vacuum,2f_SLRU,20M,2,18.25,1.54,0,216
B,vacuum,base,20M,3,516.54,1.79,144,237
B,vacuum,2d,20M,3,251.42,1.78,145,235
B,vacuum,2e_K10,20M,3,258.49,1.78,145,238
B,vacuum,2e_K50,20M,3,265.66,1.78,147,240
B,vacuum,2e_K100,20M,3,257.44,1.79,149,244
B,vacuum,2e_K500,20M,3,419.94,1.76,151,270
B,vacuum,2f_SLRU,20M,3,19.00,1.57,0,216
B,vacuum,base,20M,4,511.54,1.78,144,237
B,vacuum,2d,20M,4,248.32,1.78,145,235
B,vacuum,2e_K10,20M,4,248.85,1.77,145,237
B,vacuum,2e_K50,20M,4,249.54,1.79,147,241
B,vacuum,2e_K100,20M,4,252.31,1.77,149,241
B,vacuum,2e_K500,20M,4,248.25,1.81,151,271
B,vacuum,2f_SLRU,20M,4,18.28,1.55,0,215
B,vacuum,base,20M,5,513.95,1.79,144,237
B,vacuum,2d,20M,5,246.96,1.78,145,235
B,vacuum,2e_K10,20M,5,253.00,1.77,145,237
B,vacuum,2e_K50,20M,5,258.57,1.78,147,239
B,vacuum,2e_K100,20M,5,250.63,1.79,149,243
B,vacuum,2e_K500,20M,5,329.74,1.77,151,268
B,vacuum,2f_SLRU,20M,5,18.40,1.56,0,215
B,vacuum,base,20M,6,498.95,1.75,144,237
B,vacuum,2d,20M,6,252.48,1.74,145,235
B,vacuum,2e_K10,20M,6,258.44,1.76,145,237
B,vacuum,2e_K50,20M,6,250.15,1.76,147,239
B,vacuum,2e_K100,20M,6,263.69,1.80,149,244
B,vacuum,2e_K500,20M,6,368.56,1.80,151,274
B,vacuum,2f_SLRU,20M,6,17.51,1.55,0,215
B,vacuum,base,none,1,507.93,1.76,144,238
B,vacuum,2d,none,1,251.27,1.76,145,236
B,vacuum,2e_K10,none,1,246.95,1.76,145,237
B,vacuum,2e_K50,none,1,258.35,1.76,147,239
B,vacuum,2e_K100,none,1,257.70,1.81,149,243
B,vacuum,2e_K500,none,1,384.40,1.78,151,270
B,vacuum,2f_SLRU,none,1,15.85,1.57,0,216
B,vacuum,base,none,2,496.24,1.77,144,237
B,vacuum,2d,none,2,244.18,1.78,145,235
B,vacuum,2e_K10,none,2,241.16,1.77,145,237
B,vacuum,2e_K50,none,2,253.97,1.77,147,241
B,vacuum,2e_K100,none,2,254.47,1.79,149,244
B,vacuum,2e_K500,none,2,329.85,1.80,151,271
B,vacuum,2f_SLRU,none,2,20.81,1.55,0,215
B,vacuum,base,none,3,511.00,1.75,144,237
B,vacuum,2d,none,3,249.09,1.77,145,235
B,vacuum,2e_K10,none,3,247.44,1.76,145,237
B,vacuum,2e_K50,none,3,251.93,1.77,147,240
B,vacuum,2e_K100,none,3,252.34,1.79,149,242
B,vacuum,2e_K500,none,3,347.65,1.81,151,270
B,vacuum,2f_SLRU,none,3,17.71,1.55,0,215
B,vacuum,base,none,4,515.47,1.76,144,237
B,vacuum,2d,none,4,264.54,1.79,145,235
B,vacuum,2e_K10,none,4,251.15,1.78,145,238
B,vacuum,2e_K50,none,4,262.80,1.77,147,240
B,vacuum,2e_K100,none,4,244.23,1.79,149,242
B,vacuum,2e_K500,none,4,290.83,1.79,151,269
B,vacuum,2f_SLRU,none,4,18.80,1.56,0,215
B,vacuum,base,none,5,507.96,1.79,144,237
B,vacuum,2d,none,5,259.90,1.78,145,235
B,vacuum,2e_K10,none,5,256.36,1.77,145,237
B,vacuum,2e_K50,none,5,250.51,1.77,147,240
B,vacuum,2e_K100,none,5,304.93,1.79,149,243
B,vacuum,2e_K500,none,5,351.33,1.81,151,268
B,vacuum,2f_SLRU,none,5,16.51,1.58,0,215
B,vacuum,base,none,6,505.92,1.79,144,237
B,vacuum,2d,none,6,251.17,1.77,145,235
B,vacuum,2e_K10,none,6,249.51,1.76,145,237
B,vacuum,2e_K50,none,6,251.66,1.81,147,239
B,vacuum,2e_K100,none,6,256.84,1.81,149,243
B,vacuum,2e_K500,none,6,341.48,1.80,151,274
B,vacuum,2f_SLRU,none,6,16.57,1.55,0,215
B,ta,base,20M,1,407.24,1.91,214,353
B,ta,2d,20M,1,390.69,1.86,189,283
B,ta,2e_K10,20M,1,251.65,1.86,189,291
B,ta,2e_K50,20M,1,259.99,1.91,230,373
B,ta,2e_K100,20M,1,321.24,1.85,192,299
B,ta,2e_K500,20M,1,333.34,1.93,226,401
B,ta,2f_SLRU,20M,1,16.46,1.87,179,501
B,ta,base,20M,2,402.35,1.91,204,365
B,ta,2d,20M,2,401.76,1.85,185,277
B,ta,2e_K10,20M,2,250.34,1.84,188,289
B,ta,2e_K50,20M,2,251.37,1.85,188,285
B,ta,2e_K100,20M,2,318.53,1.85,191,298
B,ta,2e_K500,20M,2,391.01,1.88,205,340
B,ta,2f_SLRU,20M,2,16.77,1.85,180,529
B,ta,base,20M,3,406.52,1.88,222,384
B,ta,2d,20M,3,402.19,1.92,220,370
B,ta,2e_K10,20M,3,320.82,1.89,235,390
B,ta,2e_K50,20M,3,259.38,1.85,206,297
B,ta,2e_K100,20M,3,432.89,1.90,229,349
B,ta,2e_K500,20M,3,352.19,1.88,206,346
B,ta,2f_SLRU,20M,3,16.66,1.86,182,488
B,ta,base,20M,4,425.32,1.90,200,292
B,ta,2d,20M,4,405.30,1.89,217,368
B,ta,2e_K10,20M,4,329.98,1.89,214,372
B,ta,2e_K50,20M,4,256.48,1.89,221,384
B,ta,2e_K100,20M,4,397.43,1.84,187,288
B,ta,2e_K500,20M,4,342.13,1.88,206,343
B,ta,2f_SLRU,20M,4,17.86,1.86,175,506
B,ta,base,20M,5,403.90,1.87,217,364
B,ta,2d,20M,5,396.25,1.88,211,363
B,ta,2e_K10,20M,5,289.93,1.85,188,289
B,ta,2e_K50,20M,5,245.25,1.84,186,300
B,ta,2e_K100,20M,5,367.80,1.86,204,356
B,ta,2e_K500,20M,5,292.53,1.86,202,327
B,ta,2f_SLRU,20M,5,17.14,1.87,186,524
B,ta,base,20M,6,407.69,1.90,210,375
B,ta,2d,20M,6,408.85,1.91,207,297
B,ta,2e_K10,20M,6,256.74,1.87,189,289
B,ta,2e_K50,20M,6,250.24,1.86,196,289
B,ta,2e_K100,20M,6,275.04,1.92,233,372
B,ta,2e_K500,20M,6,323.26,1.90,213,385
B,ta,2f_SLRU,20M,6,21.28,1.87,192,548
B,ta,base,none,1,416.53,1.85,182,277
B,ta,2d,none,1,396.80,1.83,181,275
B,ta,2e_K10,none,1,270.63,1.84,181,277
B,ta,2e_K50,none,1,248.69,1.83,183,281
B,ta,2e_K100,none,1,385.87,1.85,184,286
B,ta,2e_K500,none,1,350.22,1.84,186,322
B,ta,2f_SLRU,none,1,17.04,1.55,0,280
B,ta,base,none,2,424.94,1.84,182,277
B,ta,2d,none,2,409.02,1.84,181,276
B,ta,2e_K10,none,2,251.18,1.84,181,277
B,ta,2e_K50,none,2,249.13,1.84,183,282
B,ta,2e_K100,none,2,292.24,1.85,184,285
B,ta,2e_K500,none,2,423.61,1.89,186,322
B,ta,2f_SLRU,none,2,16.76,1.58,0,280
B,ta,base,none,3,415.84,1.83,182,277
B,ta,2d,none,3,402.49,1.84,181,275
B,ta,2e_K10,none,3,324.47,1.83,181,277
B,ta,2e_K50,none,3,251.92,1.82,183,282
B,ta,2e_K100,none,3,313.52,1.84,184,285
B,ta,2e_K500,none,3,390.80,1.88,186,325
B,ta,2f_SLRU,none,3,15.83,1.58,0,280
B,ta,base,none,4,415.58,1.86,182,277
B,ta,2d,none,4,398.71,1.84,181,275
B,ta,2e_K10,none,4,295.74,1.86,181,277
B,ta,2e_K50,none,4,260.39,1.88,183,283
B,ta,2e_K100,none,4,291.79,1.84,184,285
B,ta,2e_K500,none,4,361.37,1.90,186,321
B,ta,2f_SLRU,none,4,18.20,1.54,0,280
B,ta,base,none,5,416.21,1.86,182,277
B,ta,2d,none,5,385.95,1.83,181,275
B,ta,2e_K10,none,5,254.01,1.82,181,277
B,ta,2e_K50,none,5,251.81,1.82,183,282
B,ta,2e_K100,none,5,310.36,1.86,184,287
B,ta,2e_K500,none,5,272.10,1.85,186,326
B,ta,2f_SLRU,none,5,19.03,1.55,0,280
B,ta,base,none,6,434.79,1.82,182,277
B,ta,2d,none,6,411.02,1.84,181,276
B,ta,2e_K10,none,6,254.63,1.85,181,277
B,ta,2e_K50,none,6,260.49,1.84,183,282
B,ta,2e_K100,none,6,295.07,1.88,184,286
B,ta,2e_K500,none,6,248.10,1.84,186,321
B,ta,2f_SLRU,none,6,15.75,1.54,0,280
C,orig,base,20M,1,484.45,1.48,24,25
C,orig,2d,20M,1,256.46,1.52,24,25
C,orig,2e_K10,20M,1,79.80,1.55,23,33
C,orig,2e_K50,20M,1,82.25,1.50,22,51
C,orig,2e_K100,20M,1,83.97,1.52,23,62
C,orig,2e_K500,20M,1,81.80,1.48,0,36
C,orig,2f_SLRU,20M,1,20.74,1.50,0,37
C,orig,base,20M,2,678.10,1.52,24,25
C,orig,2d,20M,2,251.88,1.53,24,25
C,orig,2e_K10,20M,2,84.86,1.49,23,34
C,orig,2e_K50,20M,2,79.45,1.50,22,51
C,orig,2e_K100,20M,2,79.99,1.49,23,62
C,orig,2e_K500,20M,2,83.13,1.47,0,36
C,orig,2f_SLRU,20M,2,16.47,1.49,0,36
C,orig,base,20M,3,697.40,1.52,24,25
C,orig,2d,20M,3,267.27,1.50,24,25
C,orig,2e_K10,20M,3,81.74,1.49,23,33
C,orig,2e_K50,20M,3,76.83,1.50,22,51
C,orig,2e_K100,20M,3,82.50,1.49,23,63
C,orig,2e_K500,20M,3,75.44,1.46,0,36
C,orig,2f_SLRU,20M,3,15.26,1.46,0,37
C,orig,base,20M,4,685.52,1.51,24,25
C,orig,2d,20M,4,261.09,1.51,24,25
C,orig,2e_K10,20M,4,82.03,1.51,23,33
C,orig,2e_K50,20M,4,95.47,1.51,22,51
C,orig,2e_K100,20M,4,86.89,1.50,23,62
C,orig,2e_K500,20M,4,76.82,1.47,0,36
C,orig,2f_SLRU,20M,4,16.49,1.47,0,36
C,orig,base,20M,5,678.43,1.51,24,25
C,orig,2d,20M,5,246.49,1.52,24,25
C,orig,2e_K10,20M,5,78.21,1.48,23,33
C,orig,2e_K50,20M,5,82.80,1.52,22,51
C,orig,2e_K100,20M,5,82.62,1.51,23,61
C,orig,2e_K500,20M,5,85.39,1.45,0,36
C,orig,2f_SLRU,20M,5,15.79,1.45,0,36
C,orig,base,20M,6,672.08,1.48,24,25
C,orig,2d,20M,6,250.09,1.51,24,25
C,orig,2e_K10,20M,6,87.78,1.50,23,33
C,orig,2e_K50,20M,6,79.36,1.50,22,51
C,orig,2e_K100,20M,6,82.38,1.54,23,61
C,orig,2e_K500,20M,6,80.94,1.48,0,36
C,orig,2f_SLRU,20M,6,17.45,1.48,0,36
C,orig,base,none,1,666.97,1.50,24,25
C,orig,2d,none,1,242.06,1.51,24,25
C,orig,2e_K10,none,1,73.83,1.49,23,34
C,orig,2e_K50,none,1,77.87,1.50,22,51
C,orig,2e_K100,none,1,76.25,1.50,23,62
C,orig,2e_K500,none,1,77.98,1.47,0,36
C,orig,2f_SLRU,none,1,16.77,1.49,0,36
C,orig,base,none,2,666.42,1.53,24,25
C,orig,2d,none,2,240.73,1.50,24,25
C,orig,2e_K10,none,2,84.39,1.51,23,33
C,orig,2e_K50,none,2,79.56,1.54,22,51
C,orig,2e_K100,none,2,81.60,1.51,23,62
C,orig,2e_K500,none,2,79.90,1.48,0,37
C,orig,2f_SLRU,none,2,15.13,1.45,0,36
C,orig,base,none,3,665.73,1.49,24,25
C,orig,2d,none,3,240.70,1.51,24,25
C,orig,2e_K10,none,3,75.29,1.50,23,34
C,orig,2e_K50,none,3,80.91,1.50,22,52
C,orig,2e_K100,none,3,79.00,1.48,23,61
C,orig,2e_K500,none,3,101.45,1.47,0,36
C,orig,2f_SLRU,none,3,19.41,1.46,0,37
C,orig,base,none,4,664.18,1.51,24,25
C,orig,2d,none,4,240.08,1.50,24,25
C,orig,2e_K10,none,4,74.58,1.49,23,33
C,orig,2e_K50,none,4,79.26,1.51,22,51
C,orig,2e_K100,none,4,75.73,1.50,23,62
C,orig,2e_K500,none,4,78.74,1.46,0,36
C,orig,2f_SLRU,none,4,16.01,1.48,0,37
C,orig,base,none,5,677.08,1.52,24,25
C,orig,2d,none,5,248.61,1.52,24,25
C,orig,2e_K10,none,5,87.83,1.50,23,34
C,orig,2e_K50,none,5,78.74,1.50,22,51
C,orig,2e_K100,none,5,80.90,1.51,23,64
C,orig,2e_K500,none,5,101.56,1.46,0,37
C,orig,2f_SLRU,none,5,17.05,1.48,0,36
C,orig,base,none,6,669.92,1.51,24,25
C,orig,2d,none,6,256.56,1.50,24,25
C,orig,2e_K10,none,6,79.23,1.50,23,33
C,orig,2e_K50,none,6,89.53,1.49,22,51
C,orig,2e_K100,none,6,77.80,1.51,23,60
C,orig,2e_K500,none,6,87.67,1.48,0,36
C,orig,2f_SLRU,none,6,19.03,1.48,0,36
C,vacuum,base,20M,1,445.88,1.43,14,33
C,vacuum,2d,20M,1,253.30,1.45,14,36
C,vacuum,2e_K10,20M,1,77.00,1.44,12,44
C,vacuum,2e_K50,20M,1,90.28,1.43,13,59
C,vacuum,2e_K100,20M,1,82.80,1.44,13,64
C,vacuum,2e_K500,20M,1,85.60,1.45,0,29
C,vacuum,2f_SLRU,20M,1,15.46,1.42,0,29
C,vacuum,base,20M,2,444.38,1.44,14,34
C,vacuum,2d,20M,2,249.38,1.43,14,37
C,vacuum,2e_K10,20M,2,76.11,1.42,12,44
C,vacuum,2e_K50,20M,2,85.97,1.45,13,59
C,vacuum,2e_K100,20M,2,78.40,1.44,13,64
C,vacuum,2e_K500,20M,2,75.14,1.41,0,29
C,vacuum,2f_SLRU,20M,2,16.74,1.46,0,30
C,vacuum,base,20M,3,440.15,1.43,14,33
C,vacuum,2d,20M,3,255.75,1.47,14,36
C,vacuum,2e_K10,20M,3,79.71,1.45,12,45
C,vacuum,2e_K50,20M,3,80.22,1.48,13,57
C,vacuum,2e_K100,20M,3,86.39,1.46,13,63
C,vacuum,2e_K500,20M,3,85.58,1.43,0,29
C,vacuum,2f_SLRU,20M,3,20.14,1.43,0,29
C,vacuum,base,20M,4,453.01,1.44,14,33
C,vacuum,2d,20M,4,252.88,1.45,14,36
C,vacuum,2e_K10,20M,4,78.93,1.43,12,44
C,vacuum,2e_K50,20M,4,90.72,1.44,13,59
C,vacuum,2e_K100,20M,4,79.83,1.43,13,64
C,vacuum,2e_K500,20M,4,85.55,1.43,0,29
C,vacuum,2f_SLRU,20M,4,16.40,1.41,0,29
C,vacuum,base,20M,5,445.56,1.45,14,33
C,vacuum,2d,20M,5,237.06,1.44,14,36
C,vacuum,2e_K10,20M,5,79.68,1.47,12,44
C,vacuum,2e_K50,20M,5,86.06,1.45,13,59
C,vacuum,2e_K100,20M,5,80.90,1.43,13,63
C,vacuum,2e_K500,20M,5,81.32,1.41,0,29
C,vacuum,2f_SLRU,20M,5,17.80,1.41,0,29
C,vacuum,base,20M,6,451.16,1.44,14,34
C,vacuum,2d,20M,6,244.39,1.43,14,37
C,vacuum,2e_K10,20M,6,89.20,1.47,12,44
C,vacuum,2e_K50,20M,6,79.76,1.43,13,58
C,vacuum,2e_K100,20M,6,78.23,1.45,13,63
C,vacuum,2e_K500,20M,6,81.07,1.42,0,29
C,vacuum,2f_SLRU,20M,6,20.54,1.43,0,29
C,vacuum,base,none,1,438.53,1.44,14,34
C,vacuum,2d,none,1,251.41,1.44,14,37
C,vacuum,2e_K10,none,1,79.48,1.45,12,45
C,vacuum,2e_K50,none,1,81.44,1.44,13,59
C,vacuum,2e_K100,none,1,77.92,1.46,13,63
C,vacuum,2e_K500,none,1,87.28,1.43,0,29
C,vacuum,2f_SLRU,none,1,34.62,1.42,0,29
C,vacuum,base,none,2,444.60,1.46,14,34
C,vacuum,2d,none,2,295.17,1.45,14,36
C,vacuum,2e_K10,none,2,74.80,1.48,12,44
C,vacuum,2e_K50,none,2,75.09,1.44,13,59
C,vacuum,2e_K100,none,2,83.54,1.45,13,65
C,vacuum,2e_K500,none,2,81.58,1.42,0,29
C,vacuum,2f_SLRU,none,2,19.60,1.43,0,29
C,vacuum,base,none,3,440.90,1.44,14,33
C,vacuum,2d,none,3,247.32,1.46,14,36
C,vacuum,2e_K10,none,3,77.44,1.46,12,44
C,vacuum,2e_K50,none,3,84.80,1.44,13,59
C,vacuum,2e_K100,none,3,84.41,1.45,13,64
C,vacuum,2e_K500,none,3,81.30,1.41,0,29
C,vacuum,2f_SLRU,none,3,16.05,1.43,0,29
C,vacuum,base,none,4,435.27,1.47,14,34
C,vacuum,2d,none,4,241.46,1.44,14,36
C,vacuum,2e_K10,none,4,76.18,1.45,12,45
C,vacuum,2e_K50,none,4,106.15,1.45,13,59
C,vacuum,2e_K100,none,4,73.41,1.44,13,63
C,vacuum,2e_K500,none,4,88.36,1.41,0,29
C,vacuum,2f_SLRU,none,4,18.23,1.43,0,29
C,vacuum,base,none,5,435.21,1.44,14,33
C,vacuum,2d,none,5,277.47,1.45,14,36
C,vacuum,2e_K10,none,5,76.90,1.45,12,45
C,vacuum,2e_K50,none,5,85.73,1.44,13,58
C,vacuum,2e_K100,none,5,77.28,1.45,13,64
C,vacuum,2e_K500,none,5,81.52,1.45,0,29
C,vacuum,2f_SLRU,none,5,15.99,1.41,0,29
C,vacuum,base,none,6,439.31,1.48,14,33
C,vacuum,2d,none,6,245.09,1.45,14,36
C,vacuum,2e_K10,none,6,76.07,1.47,12,44
C,vacuum,2e_K50,none,6,78.65,1.47,13,58
C,vacuum,2e_K100,none,6,81.41,1.48,13,64
C,vacuum,2e_K500,none,6,81.48,1.44,0,29
C,vacuum,2f_SLRU,none,6,15.30,1.42,0,29
C,ta,base,20M,1,459.07,1.54,25,27
C,ta,2d,20M,1,442.38,1.53,24,28
C,ta,2e_K10,20M,1,82.68,1.53,23,34
C,ta,2e_K50,20M,1,76.80,1.53,22,49
C,ta,2e_K100,20M,1,79.45,1.52,23,63
C,ta,2e_K500,20M,1,86.02,1.48,0,37
C,ta,2f_SLRU,20M,1,19.03,1.48,0,37
C,ta,base,20M,2,464.04,1.52,25,27
C,ta,2d,20M,2,451.27,1.52,24,28
C,ta,2e_K10,20M,2,88.11,1.51,23,34
C,ta,2e_K50,20M,2,86.22,1.53,22,49
C,ta,2e_K100,20M,2,87.61,1.50,23,61
C,ta,2e_K500,20M,2,88.40,1.50,0,37
C,ta,2f_SLRU,20M,2,16.64,1.48,0,37
C,ta,base,20M,3,458.03,1.53,25,27
C,ta,2d,20M,3,445.14,1.52,24,28
C,ta,2e_K10,20M,3,79.99,1.50,23,34
C,ta,2e_K50,20M,3,80.96,1.52,22,50
C,ta,2e_K100,20M,3,76.41,1.50,23,61
C,ta,2e_K500,20M,3,79.31,1.49,0,37
C,ta,2f_SLRU,20M,3,18.73,1.50,0,37
C,ta,base,20M,4,458.65,1.52,25,27
C,ta,2d,20M,4,433.63,1.52,24,28
C,ta,2e_K10,20M,4,84.98,1.51,23,34
C,ta,2e_K50,20M,4,86.34,1.52,22,49
C,ta,2e_K100,20M,4,80.94,1.53,23,63
C,ta,2e_K500,20M,4,78.83,1.50,0,37
C,ta,2f_SLRU,20M,4,15.67,1.49,0,37
C,ta,base,20M,5,467.59,1.51,25,27
C,ta,2d,20M,5,444.81,1.53,24,28
C,ta,2e_K10,20M,5,85.97,1.52,23,35
C,ta,2e_K50,20M,5,92.26,1.52,22,48
C,ta,2e_K100,20M,5,80.16,1.52,23,62
C,ta,2e_K500,20M,5,78.88,1.47,0,37
C,ta,2f_SLRU,20M,5,15.82,1.46,0,37
C,ta,base,20M,6,503.48,1.51,25,27
C,ta,2d,20M,6,435.27,1.51,24,28
C,ta,2e_K10,20M,6,80.50,1.52,23,34
C,ta,2e_K50,20M,6,94.98,1.50,22,49
C,ta,2e_K100,20M,6,82.97,1.52,23,62
C,ta,2e_K500,20M,6,82.06,1.47,0,37
C,ta,2f_SLRU,20M,6,16.58,1.48,0,37
C,ta,base,none,1,462.72,1.51,25,27
C,ta,2d,none,1,440.44,1.51,24,29
C,ta,2e_K10,none,1,77.29,1.51,23,35
C,ta,2e_K50,none,1,75.40,1.51,22,48
C,ta,2e_K100,none,1,88.65,1.50,23,62
C,ta,2e_K500,none,1,82.02,1.47,0,37
C,ta,2f_SLRU,none,1,16.59,1.52,0,37
C,ta,base,none,2,468.29,1.52,25,27
C,ta,2d,none,2,437.58,1.52,24,28
C,ta,2e_K10,none,2,81.30,1.53,23,34
C,ta,2e_K50,none,2,84.25,1.52,22,49
C,ta,2e_K100,none,2,82.02,1.51,23,64
C,ta,2e_K500,none,2,77.31,1.51,0,38
C,ta,2f_SLRU,none,2,19.11,1.53,0,37
C,ta,base,none,3,452.71,1.53,25,27
C,ta,2d,none,3,426.45,1.51,24,28
C,ta,2e_K10,none,3,82.69,1.52,23,34
C,ta,2e_K50,none,3,87.81,1.53,22,49
C,ta,2e_K100,none,3,80.62,1.54,23,62
C,ta,2e_K500,none,3,81.20,1.48,0,37
C,ta,2f_SLRU,none,3,19.04,1.49,0,37
C,ta,base,none,4,461.60,1.51,25,27
C,ta,2d,none,4,452.92,1.52,24,28
C,ta,2e_K10,none,4,83.30,1.54,23,35
C,ta,2e_K50,none,4,74.72,1.51,22,49
C,ta,2e_K100,none,4,79.55,1.51,23,62
C,ta,2e_K500,none,4,90.64,1.49,0,37
C,ta,2f_SLRU,none,4,17.54,1.48,0,37
C,ta,base,none,5,466.46,1.53,25,27
C,ta,2d,none,5,465.12,1.52,24,28
C,ta,2e_K10,none,5,78.78,1.50,23,34
C,ta,2e_K50,none,5,82.70,1.52,22,50
C,ta,2e_K100,none,5,82.30,1.53,23,62
C,ta,2e_K500,none,5,79.04,1.50,0,37
C,ta,2f_SLRU,none,5,18.05,1.51,0,37
C,ta,base,none,6,490.94,1.58,25,27
C,ta,2d,none,6,433.69,1.52,24,28
C,ta,2e_K10,none,6,77.67,1.52,23,34
C,ta,2e_K50,none,6,78.58,1.51,22,50
C,ta,2e_K100,none,6,77.89,1.52,23,62
C,ta,2e_K500,none,6,80.70,1.50,0,37
C,ta,2f_SLRU,none,6,20.35,1.47,0,37
