filename,type,operation,distribution,range_type,file_index,seed,record_count,op_count,valid_id_start,valid_id_end,range_start,range_end,window_size,tail_size,zipf_theta,zipf_direction,scan_len
read_uniform_full_001.txt,read_uniform_full,read,uniform,full,1,20260618,600000,1000,1,600000,1,600000,60000,60000,0.99,,
read_uniform_full_002.txt,read_uniform_full,read,uniform,full,2,20260619,600000,1000,1,600000,1,600000,60000,60000,0.99,,
read_uniform_full_003.txt,read_uniform_full,read,uniform,full,3,20260620,600000,1000,1,600000,1,600000,60000,60000,0.99,,
read_uniform_full_004.txt,read_uniform_full,read,uniform,full,4,20260621,600000,1000,1,600000,1,600000,60000,60000,0.99,,
read_uniform_full_005.txt,read_uniform_full,read,uniform,full,5,20260622,600000,1000,1,600000,1,600000,60000,60000,0.99,,
read_uniform_full_006.txt,read_uniform_full,read,uniform,full,6,20260623,600000,1000,1,600000,1,600000,60000,60000,0.99,,
read_uniform_full_007.txt,read_uniform_full,read,uniform,full,7,20260624,600000,1000,1,600000,1,600000,60000,60000,0.99,,
read_uniform_full_008.txt,read_uniform_full,read,uniform,full,8,20260625,600000,1000,1,600000,1,600000,60000,60000,0.99,,
read_uniform_full_009.txt,read_uniform_full,read,uniform,full,9,20260626,600000,1000,1,600000,1,600000,60000,60000,0.99,,
read_uniform_full_010.txt,read_uniform_full,read,uniform,full,10,20260627,600000,1000,1,600000,1,600000,60000,60000,0.99,,
read_uniform_full_011.txt,read_uniform_full,read,uniform,full,11,20260628,600000,1000,1,600000,1,600000,60000,60000,0.99,,
read_uniform_full_012.txt,read_uniform_full,read,uniform,full,12,20260629,600000,1000,1,600000,1,600000,60000,60000,0.99,,
read_uniform_full_013.txt,read_uniform_full,read,uniform,full,13,20260630,600000,1000,1,600000,1,600000,60000,60000,0.99,,
read_uniform_full_014.txt,read_uniform_full,read,uniform,full,14,20260631,600000,1000,1,600000,1,600000,60000,60000,0.99,,
read_uniform_full_015.txt,read_uniform_full,read,uniform,full,15,20260632,600000,1000,1,600000,1,600000,60000,60000,0.99,,
read_uniform_full_016.txt,read_uniform_full,read,uniform,full,16,20260633,600000,1000,1,600000,1,600000,60000,60000,0.99,,
read_uniform_full_017.txt,read_uniform_full,read,uniform,full,17,20260634,600000,1000,1,600000,1,600000,60000,60000,0.99,,
read_uniform_full_018.txt,read_uniform_full,read,uniform,full,18,20260635,600000,1000,1,600000,1,600000,60000,60000,0.99,,
read_uniform_full_019.txt,read_uniform_full,read,uniform,full,19,20260636,600000,1000,1,600000,1,600000,60000,60000,0.99,,
read_uniform_full_020.txt,read_uniform_full,read,uniform,full,20,20260637,600000,1000,1,600000,1,600000,60000,60000,0.99,,
read_uniform_full_021.txt,read_uniform_full,read,uniform,full,21,20260638,600000,1000,1,600000,1,600000,60000,60000,0.99,,
read_uniform_full_022.txt,read_uniform_full,read,uniform,full,22,20260639,600000,1000,1,600000,1,600000,60000,60000,0.99,,
read_uniform_full_023.txt,read_uniform_full,read,uniform,full,23,20260640,600000,1000,1,600000,1,600000,60000,60000,0.99,,
read_uniform_full_024.txt,read_uniform_full,read,uniform,full,24,20260641,600000,1000,1,600000,1,600000,60000,60000,0.99,,
read_uniform_full_025.txt,read_uniform_full,read,uniform,full,25,20260642,600000,1000,1,600000,1,600000,60000,60000,0.99,,
read_uniform_full_026.txt,read_uniform_full,read,uniform,full,26,20260643,600000,1000,1,600000,1,600000,60000,60000,0.99,,
read_uniform_full_027.txt,read_uniform_full,read,uniform,full,27,20260644,600000,1000,1,600000,1,600000,60000,60000,0.99,,
read_uniform_full_028.txt,read_uniform_full,read,uniform,full,28,20260645,600000,1000,1,600000,1,600000,60000,60000,0.99,,
read_uniform_full_029.txt,read_uniform_full,read,uniform,full,29,20260646,600000,1000,1,600000,1,600000,60000,60000,0.99,,
read_uniform_full_030.txt,read_uniform_full,read,uniform,full,30,20260647,600000,1000,1,600000,1,600000,60000,60000,0.99,,
read_uniform_full_031.txt,read_uniform_full,read,uniform,full,31,20260648,600000,1000,1,600000,1,600000,60000,60000,0.99,,
read_uniform_full_032.txt,read_uniform_full,read,uniform,full,32,20260649,600000,1000,1,600000,1,600000,60000,60000,0.99,,
read_uniform_full_033.txt,read_uniform_full,read,uniform,full,33,20260650,600000,1000,1,600000,1,600000,60000,60000,0.99,,
read_uniform_full_034.txt,read_uniform_full,read,uniform,full,34,20260651,600000,1000,1,600000,1,600000,60000,60000,0.99,,
read_uniform_full_035.txt,read_uniform_full,read,uniform,full,35,20260652,600000,1000,1,600000,1,600000,60000,60000,0.99,,
read_uniform_full_036.txt,read_uniform_full,read,uniform,full,36,20260653,600000,1000,1,600000,1,600000,60000,60000,0.99,,
read_uniform_full_037.txt,read_uniform_full,read,uniform,full,37,20260654,600000,1000,1,600000,1,600000,60000,60000,0.99,,
read_uniform_full_038.txt,read_uniform_full,read,uniform,full,38,20260655,600000,1000,1,600000,1,600000,60000,60000,0.99,,
read_uniform_full_039.txt,read_uniform_full,read,uniform,full,39,20260656,600000,1000,1,600000,1,600000,60000,60000,0.99,,
read_uniform_full_040.txt,read_uniform_full,read,uniform,full,40,20260657,600000,1000,1,600000,1,600000,60000,60000,0.99,,
read_uniform_full_041.txt,read_uniform_full,read,uniform,full,41,20260658,600000,1000,1,600000,1,600000,60000,60000,0.99,,
read_uniform_full_042.txt,read_uniform_full,read,uniform,full,42,20260659,600000,1000,1,600000,1,600000,60000,60000,0.99,,
read_uniform_full_043.txt,read_uniform_full,read,uniform,full,43,20260660,600000,1000,1,600000,1,600000,60000,60000,0.99,,
read_uniform_full_044.txt,read_uniform_full,read,uniform,full,44,20260661,600000,1000,1,600000,1,600000,60000,60000,0.99,,
read_uniform_full_045.txt,read_uniform_full,read,uniform,full,45,20260662,600000,1000,1,600000,1,600000,60000,60000,0.99,,
read_uniform_full_046.txt,read_uniform_full,read,uniform,full,46,20260663,600000,1000,1,600000,1,600000,60000,60000,0.99,,
read_uniform_full_047.txt,read_uniform_full,read,uniform,full,47,20260664,600000,1000,1,600000,1,600000,60000,60000,0.99,,
read_uniform_full_048.txt,read_uniform_full,read,uniform,full,48,20260665,600000,1000,1,600000,1,600000,60000,60000,0.99,,
read_uniform_full_049.txt,read_uniform_full,read,uniform,full,49,20260666,600000,1000,1,600000,1,600000,60000,60000,0.99,,
read_uniform_full_050.txt,read_uniform_full,read,uniform,full,50,20260667,600000,1000,1,600000,1,600000,60000,60000,0.99,,
read_uniform_window_001.txt,read_uniform_window,read,uniform,window,1,20261618,600000,1000,1,600000,226133,286132,60000,60000,0.99,,
read_uniform_window_002.txt,read_uniform_window,read,uniform,window,2,20261619,600000,1000,1,600000,276052,336051,60000,60000,0.99,,
read_uniform_window_003.txt,read_uniform_window,read,uniform,window,3,20261620,600000,1000,1,600000,176974,236973,60000,60000,0.99,,
read_uniform_window_004.txt,read_uniform_window,read,uniform,window,4,20261621,600000,1000,1,600000,368450,428449,60000,60000,0.99,,
read_uniform_window_005.txt,read_uniform_window,read,uniform,window,5,20261622,600000,1000,1,600000,114746,174745,60000,60000,0.99,,
read_uniform_window_006.txt,read_uniform_window,read,uniform,window,6,20261623,600000,1000,1,600000,109715,169714,60000,60000,0.99,,
read_uniform_window_007.txt,read_uniform_window,read,uniform,window,7,20261624,600000,1000,1,600000,42747,102746,60000,60000,0.99,,
read_uniform_window_008.txt,read_uniform_window,read,uniform,window,8,20261625,600000,1000,1,600000,402357,462356,60000,60000,0.99,,
read_uniform_window_009.txt,read_uniform_window,read,uniform,window,9,20261626,600000,1000,1,600000,424761,484760,60000,60000,0.99,,
read_uniform_window_010.txt,read_uniform_window,read,uniform,window,10,20261627,600000,1000,1,600000,57930,117929,60000,60000,0.99,,
read_uniform_window_011.txt,read_uniform_window,read,uniform,window,11,20261628,600000,1000,1,600000,18437,78436,60000,60000,0.99,,
read_uniform_window_012.txt,read_uniform_window,read,uniform,window,12,20261629,600000,1000,1,600000,32118,92117,60000,60000,0.99,,
read_uniform_window_013.txt,read_uniform_window,read,uniform,window,13,20261630,600000,1000,1,600000,387399,447398,60000,60000,0.99,,
read_uniform_window_014.txt,read_uniform_window,read,uniform,window,14,20261631,600000,1000,1,600000,170519,230518,60000,60000,0.99,,
read_uniform_window_015.txt,read_uniform_window,read,uniform,window,15,20261632,600000,1000,1,600000,379349,439348,60000,60000,0.99,,
read_uniform_window_016.txt,read_uniform_window,read,uniform,window,16,20261633,600000,1000,1,600000,391217,451216,60000,60000,0.99,,
read_uniform_window_017.txt,read_uniform_window,read,uniform,window,17,20261634,600000,1000,1,600000,452043,512042,60000,60000,0.99,,
read_uniform_window_018.txt,read_uniform_window,read,uniform,window,18,20261635,600000,1000,1,600000,183280,243279,60000,60000,0.99,,
read_uniform_window_019.txt,read_uniform_window,read,uniform,window,19,20261636,600000,1000,1,600000,25421,85420,60000,60000,0.99,,
read_uniform_window_020.txt,read_uniform_window,read,uniform,window,20,20261637,600000,1000,1,600000,124435,184434,60000,60000,0.99,,
read_uniform_window_021.txt,read_uniform_window,read,uniform,window,21,20261638,600000,1000,1,600000,401706,461705,60000,60000,0.99,,
read_uniform_window_022.txt,read_uniform_window,read,uniform,window,22,20261639,600000,1000,1,600000,351388,411387,60000,60000,0.99,,
read_uniform_window_023.txt,read_uniform_window,read,uniform,window,23,20261640,600000,1000,1,600000,203401,263400,60000,60000,0.99,,
read_uniform_window_024.txt,read_uniform_window,read,uniform,window,24,20261641,600000,1000,1,600000,217364,277363,60000,60000,0.99,,
read_uniform_window_025.txt,read_uniform_window,read,uniform,window,25,20261642,600000,1000,1,600000,4556,64555,60000,60000,0.99,,
read_uniform_window_026.txt,read_uniform_window,read,uniform,window,26,20261643,600000,1000,1,600000,316734,376733,60000,60000,0.99,,
read_uniform_window_027.txt,read_uniform_window,read,uniform,window,27,20261644,600000,1000,1,600000,470348,530347,60000,60000,0.99,,
read_uniform_window_028.txt,read_uniform_window,read,uniform,window,28,20261645,600000,1000,1,600000,255746,315745,60000,60000,0.99,,
read_uniform_window_029.txt,read_uniform_window,read,uniform,window,29,20261646,600000,1000,1,600000,327967,387966,60000,60000,0.99,,
read_uniform_window_030.txt,read_uniform_window,read,uniform,window,30,20261647,600000,1000,1,600000,2401,62400,60000,60000,0.99,,
read_uniform_window_031.txt,read_uniform_window,read,uniform,window,31,20261648,600000,1000,1,600000,105339,165338,60000,60000,0.99,,
read_uniform_window_032.txt,read_uniform_window,read,uniform,window,32,20261649,600000,1000,1,600000,81937,141936,60000,60000,0.99,,
read_uniform_window_033.txt,read_uniform_window,read,uniform,window,33,20261650,600000,1000,1,600000,466139,526138,60000,60000,0.99,,
read_uniform_window_034.txt,read_uniform_window,read,uniform,window,34,20261651,600000,1000,1,600000,80108,140107,60000,60000,0.99,,
read_uniform_window_035.txt,read_uniform_window,read,uniform,window,35,20261652,600000,1000,1,600000,73316,133315,60000,60000,0.99,,
read_uniform_window_036.txt,read_uniform_window,read,uniform,window,36,20261653,600000,1000,1,600000,377415,437414,60000,60000,0.99,,
read_uniform_window_037.txt,read_uniform_window,read,uniform,window,37,20261654,600000,1000,1,600000,452669,512668,60000,60000,0.99,,
read_uniform_window_038.txt,read_uniform_window,read,uniform,window,38,20261655,600000,1000,1,600000,227539,287538,60000,60000,0.99,,
read_uniform_window_039.txt,read_uniform_window,read,uniform,window,39,20261656,600000,1000,1,600000,92581,152580,60000,60000,0.99,,
read_uniform_window_040.txt,read_uniform_window,read,uniform,window,40,20261657,600000,1000,1,600000,389181,449180,60000,60000,0.99,,
read_uniform_window_041.txt,read_uniform_window,read,uniform,window,41,20261658,600000,1000,1,600000,259951,319950,60000,60000,0.99,,
read_uniform_window_042.txt,read_uniform_window,read,uniform,window,42,20261659,600000,1000,1,600000,42362,102361,60000,60000,0.99,,
read_uniform_window_043.txt,read_uniform_window,read,uniform,window,43,20261660,600000,1000,1,600000,460690,520689,60000,60000,0.99,,
read_uniform_window_044.txt,read_uniform_window,read,uniform,window,44,20261661,600000,1000,1,600000,400983,460982,60000,60000,0.99,,
read_uniform_window_045.txt,read_uniform_window,read,uniform,window,45,20261662,600000,1000,1,600000,408815,468814,60000,60000,0.99,,
read_uniform_window_046.txt,read_uniform_window,read,uniform,window,46,20261663,600000,1000,1,600000,475859,535858,60000,60000,0.99,,
read_uniform_window_047.txt,read_uniform_window,read,uniform,window,47,20261664,600000,1000,1,600000,77531,137530,60000,60000,0.99,,
read_uniform_window_048.txt,read_uniform_window,read,uniform,window,48,20261665,600000,1000,1,600000,469304,529303,60000,60000,0.99,,
read_uniform_window_049.txt,read_uniform_window,read,uniform,window,49,20261666,600000,1000,1,600000,210118,270117,60000,60000,0.99,,
read_uniform_window_050.txt,read_uniform_window,read,uniform,window,50,20261667,600000,1000,1,600000,74050,134049,60000,60000,0.99,,
read_uniform_tail_001.txt,read_uniform_tail,read,uniform,tail,1,20262618,600000,1000,1,600000,540001,600000,60000,60000,0.99,,
read_uniform_tail_002.txt,read_uniform_tail,read,uniform,tail,2,20262619,600000,1000,1,600000,540001,600000,60000,60000,0.99,,
read_uniform_tail_003.txt,read_uniform_tail,read,uniform,tail,3,20262620,600000,1000,1,600000,540001,600000,60000,60000,0.99,,
read_uniform_tail_004.txt,read_uniform_tail,read,uniform,tail,4,20262621,600000,1000,1,600000,540001,600000,60000,60000,0.99,,
read_uniform_tail_005.txt,read_uniform_tail,read,uniform,tail,5,20262622,600000,1000,1,600000,540001,600000,60000,60000,0.99,,
read_uniform_tail_006.txt,read_uniform_tail,read,uniform,tail,6,20262623,600000,1000,1,600000,540001,600000,60000,60000,0.99,,
read_uniform_tail_007.txt,read_uniform_tail,read,uniform,tail,7,20262624,600000,1000,1,600000,540001,600000,60000,60000,0.99,,
read_uniform_tail_008.txt,read_uniform_tail,read,uniform,tail,8,20262625,600000,1000,1,600000,540001,600000,60000,60000,0.99,,
read_uniform_tail_009.txt,read_uniform_tail,read,uniform,tail,9,20262626,600000,1000,1,600000,540001,600000,60000,60000,0.99,,
read_uniform_tail_010.txt,read_uniform_tail,read,uniform,tail,10,20262627,600000,1000,1,600000,540001,600000,60000,60000,0.99,,
read_uniform_tail_011.txt,read_uniform_tail,read,uniform,tail,11,20262628,600000,1000,1,600000,540001,600000,60000,60000,0.99,,
read_uniform_tail_012.txt,read_uniform_tail,read,uniform,tail,12,20262629,600000,1000,1,600000,540001,600000,60000,60000,0.99,,
read_uniform_tail_013.txt,read_uniform_tail,read,uniform,tail,13,20262630,600000,1000,1,600000,540001,600000,60000,60000,0.99,,
read_uniform_tail_014.txt,read_uniform_tail,read,uniform,tail,14,20262631,600000,1000,1,600000,540001,600000,60000,60000,0.99,,
read_uniform_tail_015.txt,read_uniform_tail,read,uniform,tail,15,20262632,600000,1000,1,600000,540001,600000,60000,60000,0.99,,
read_uniform_tail_016.txt,read_uniform_tail,read,uniform,tail,16,20262633,600000,1000,1,600000,540001,600000,60000,60000,0.99,,
read_uniform_tail_017.txt,read_uniform_tail,read,uniform,tail,17,20262634,600000,1000,1,600000,540001,600000,60000,60000,0.99,,
read_uniform_tail_018.txt,read_uniform_tail,read,uniform,tail,18,20262635,600000,1000,1,600000,540001,600000,60000,60000,0.99,,
read_uniform_tail_019.txt,read_uniform_tail,read,uniform,tail,19,20262636,600000,1000,1,600000,540001,600000,60000,60000,0.99,,
read_uniform_tail_020.txt,read_uniform_tail,read,uniform,tail,20,20262637,600000,1000,1,600000,540001,600000,60000,60000,0.99,,
read_uniform_tail_021.txt,read_uniform_tail,read,uniform,tail,21,20262638,600000,1000,1,600000,540001,600000,60000,60000,0.99,,
read_uniform_tail_022.txt,read_uniform_tail,read,uniform,tail,22,20262639,600000,1000,1,600000,540001,600000,60000,60000,0.99,,
read_uniform_tail_023.txt,read_uniform_tail,read,uniform,tail,23,20262640,600000,1000,1,600000,540001,600000,60000,60000,0.99,,
read_uniform_tail_024.txt,read_uniform_tail,read,uniform,tail,24,20262641,600000,1000,1,600000,540001,600000,60000,60000,0.99,,
read_uniform_tail_025.txt,read_uniform_tail,read,uniform,tail,25,20262642,600000,1000,1,600000,540001,600000,60000,60000,0.99,,
read_uniform_tail_026.txt,read_uniform_tail,read,uniform,tail,26,20262643,600000,1000,1,600000,540001,600000,60000,60000,0.99,,
read_uniform_tail_027.txt,read_uniform_tail,read,uniform,tail,27,20262644,600000,1000,1,600000,540001,600000,60000,60000,0.99,,
read_uniform_tail_028.txt,read_uniform_tail,read,uniform,tail,28,20262645,600000,1000,1,600000,540001,600000,60000,60000,0.99,,
read_uniform_tail_029.txt,read_uniform_tail,read,uniform,tail,29,20262646,600000,1000,1,600000,540001,600000,60000,60000,0.99,,
read_uniform_tail_030.txt,read_uniform_tail,read,uniform,tail,30,20262647,600000,1000,1,600000,540001,600000,60000,60000,0.99,,
read_uniform_tail_031.txt,read_uniform_tail,read,uniform,tail,31,20262648,600000,1000,1,600000,540001,600000,60000,60000,0.99,,
read_uniform_tail_032.txt,read_uniform_tail,read,uniform,tail,32,20262649,600000,1000,1,600000,540001,600000,60000,60000,0.99,,
read_uniform_tail_033.txt,read_uniform_tail,read,uniform,tail,33,20262650,600000,1000,1,600000,540001,600000,60000,60000,0.99,,
read_uniform_tail_034.txt,read_uniform_tail,read,uniform,tail,34,20262651,600000,1000,1,600000,540001,600000,60000,60000,0.99,,
read_uniform_tail_035.txt,read_uniform_tail,read,uniform,tail,35,20262652,600000,1000,1,600000,540001,600000,60000,60000,0.99,,
read_uniform_tail_036.txt,read_uniform_tail,read,uniform,tail,36,20262653,600000,1000,1,600000,540001,600000,60000,60000,0.99,,
read_uniform_tail_037.txt,read_uniform_tail,read,uniform,tail,37,20262654,600000,1000,1,600000,540001,600000,60000,60000,0.99,,
read_uniform_tail_038.txt,read_uniform_tail,read,uniform,tail,38,20262655,600000,1000,1,600000,540001,600000,60000,60000,0.99,,
read_uniform_tail_039.txt,read_uniform_tail,read,uniform,tail,39,20262656,600000,1000,1,600000,540001,600000,60000,60000,0.99,,
read_uniform_tail_040.txt,read_uniform_tail,read,uniform,tail,40,20262657,600000,1000,1,600000,540001,600000,60000,60000,0.99,,
read_uniform_tail_041.txt,read_uniform_tail,read,uniform,tail,41,20262658,600000,1000,1,600000,540001,600000,60000,60000,0.99,,
read_uniform_tail_042.txt,read_uniform_tail,read,uniform,tail,42,20262659,600000,1000,1,600000,540001,600000,60000,60000,0.99,,
read_uniform_tail_043.txt,read_uniform_tail,read,uniform,tail,43,20262660,600000,1000,1,600000,540001,600000,60000,60000,0.99,,
read_uniform_tail_044.txt,read_uniform_tail,read,uniform,tail,44,20262661,600000,1000,1,600000,540001,600000,60000,60000,0.99,,
read_uniform_tail_045.txt,read_uniform_tail,read,uniform,tail,45,20262662,600000,1000,1,600000,540001,600000,60000,60000,0.99,,
read_uniform_tail_046.txt,read_uniform_tail,read,uniform,tail,46,20262663,600000,1000,1,600000,540001,600000,60000,60000,0.99,,
read_uniform_tail_047.txt,read_uniform_tail,read,uniform,tail,47,20262664,600000,1000,1,600000,540001,600000,60000,60000,0.99,,
read_uniform_tail_048.txt,read_uniform_tail,read,uniform,tail,48,20262665,600000,1000,1,600000,540001,600000,60000,60000,0.99,,
read_uniform_tail_049.txt,read_uniform_tail,read,uniform,tail,49,20262666,600000,1000,1,600000,540001,600000,60000,60000,0.99,,
read_uniform_tail_050.txt,read_uniform_tail,read,uniform,tail,50,20262667,600000,1000,1,600000,540001,600000,60000,60000,0.99,,
read_zipf_full_001.txt,read_zipf_full,read,zipf,full,1,20263618,600000,1000,1,600000,1,600000,60000,60000,0.99,forward,
read_zipf_full_002.txt,read_zipf_full,read,zipf,full,2,20263619,600000,1000,1,600000,1,600000,60000,60000,0.99,forward,
read_zipf_full_003.txt,read_zipf_full,read,zipf,full,3,20263620,600000,1000,1,600000,1,600000,60000,60000,0.99,forward,
read_zipf_full_004.txt,read_zipf_full,read,zipf,full,4,20263621,600000,1000,1,600000,1,600000,60000,60000,0.99,forward,
read_zipf_full_005.txt,read_zipf_full,read,zipf,full,5,20263622,600000,1000,1,600000,1,600000,60000,60000,0.99,forward,
read_zipf_full_006.txt,read_zipf_full,read,zipf,full,6,20263623,600000,1000,1,600000,1,600000,60000,60000,0.99,forward,
read_zipf_full_007.txt,read_zipf_full,read,zipf,full,7,20263624,600000,1000,1,600000,1,600000,60000,60000,0.99,forward,
read_zipf_full_008.txt,read_zipf_full,read,zipf,full,8,20263625,600000,1000,1,600000,1,600000,60000,60000,0.99,forward,
read_zipf_full_009.txt,read_zipf_full,read,zipf,full,9,20263626,600000,1000,1,600000,1,600000,60000,60000,0.99,forward,
read_zipf_full_010.txt,read_zipf_full,read,zipf,full,10,20263627,600000,1000,1,600000,1,600000,60000,60000,0.99,forward,
read_zipf_full_011.txt,read_zipf_full,read,zipf,full,11,20263628,600000,1000,1,600000,1,600000,60000,60000,0.99,forward,
read_zipf_full_012.txt,read_zipf_full,read,zipf,full,12,20263629,600000,1000,1,600000,1,600000,60000,60000,0.99,forward,
read_zipf_full_013.txt,read_zipf_full,read,zipf,full,13,20263630,600000,1000,1,600000,1,600000,60000,60000,0.99,forward,
read_zipf_full_014.txt,read_zipf_full,read,zipf,full,14,20263631,600000,1000,1,600000,1,600000,60000,60000,0.99,forward,
read_zipf_full_015.txt,read_zipf_full,read,zipf,full,15,20263632,600000,1000,1,600000,1,600000,60000,60000,0.99,forward,
read_zipf_full_016.txt,read_zipf_full,read,zipf,full,16,20263633,600000,1000,1,600000,1,600000,60000,60000,0.99,forward,
read_zipf_full_017.txt,read_zipf_full,read,zipf,full,17,20263634,600000,1000,1,600000,1,600000,60000,60000,0.99,forward,
read_zipf_full_018.txt,read_zipf_full,read,zipf,full,18,20263635,600000,1000,1,600000,1,600000,60000,60000,0.99,forward,
read_zipf_full_019.txt,read_zipf_full,read,zipf,full,19,20263636,600000,1000,1,600000,1,600000,60000,60000,0.99,forward,
read_zipf_full_020.txt,read_zipf_full,read,zipf,full,20,20263637,600000,1000,1,600000,1,600000,60000,60000,0.99,forward,
read_zipf_full_021.txt,read_zipf_full,read,zipf,full,21,20263638,600000,1000,1,600000,1,600000,60000,60000,0.99,forward,
read_zipf_full_022.txt,read_zipf_full,read,zipf,full,22,20263639,600000,1000,1,600000,1,600000,60000,60000,0.99,forward,
read_zipf_full_023.txt,read_zipf_full,read,zipf,full,23,20263640,600000,1000,1,600000,1,600000,60000,60000,0.99,forward,
read_zipf_full_024.txt,read_zipf_full,read,zipf,full,24,20263641,600000,1000,1,600000,1,600000,60000,60000,0.99,forward,
read_zipf_full_025.txt,read_zipf_full,read,zipf,full,25,20263642,600000,1000,1,600000,1,600000,60000,60000,0.99,forward,
read_zipf_full_026.txt,read_zipf_full,read,zipf,full,26,20263643,600000,1000,1,600000,1,600000,60000,60000,0.99,forward,
read_zipf_full_027.txt,read_zipf_full,read,zipf,full,27,20263644,600000,1000,1,600000,1,600000,60000,60000,0.99,forward,
read_zipf_full_028.txt,read_zipf_full,read,zipf,full,28,20263645,600000,1000,1,600000,1,600000,60000,60000,0.99,forward,
read_zipf_full_029.txt,read_zipf_full,read,zipf,full,29,20263646,600000,1000,1,600000,1,600000,60000,60000,0.99,forward,
read_zipf_full_030.txt,read_zipf_full,read,zipf,full,30,20263647,600000,1000,1,600000,1,600000,60000,60000,0.99,forward,
read_zipf_full_031.txt,read_zipf_full,read,zipf,full,31,20263648,600000,1000,1,600000,1,600000,60000,60000,0.99,forward,
read_zipf_full_032.txt,read_zipf_full,read,zipf,full,32,20263649,600000,1000,1,600000,1,600000,60000,60000,0.99,forward,
read_zipf_full_033.txt,read_zipf_full,read,zipf,full,33,20263650,600000,1000,1,600000,1,600000,60000,60000,0.99,forward,
read_zipf_full_034.txt,read_zipf_full,read,zipf,full,34,20263651,600000,1000,1,600000,1,600000,60000,60000,0.99,forward,
read_zipf_full_035.txt,read_zipf_full,read,zipf,full,35,20263652,600000,1000,1,600000,1,600000,60000,60000,0.99,forward,
read_zipf_full_036.txt,read_zipf_full,read,zipf,full,36,20263653,600000,1000,1,600000,1,600000,60000,60000,0.99,forward,
read_zipf_full_037.txt,read_zipf_full,read,zipf,full,37,20263654,600000,1000,1,600000,1,600000,60000,60000,0.99,forward,
read_zipf_full_038.txt,read_zipf_full,read,zipf,full,38,20263655,600000,1000,1,600000,1,600000,60000,60000,0.99,forward,
read_zipf_full_039.txt,read_zipf_full,read,zipf,full,39,20263656,600000,1000,1,600000,1,600000,60000,60000,0.99,forward,
read_zipf_full_040.txt,read_zipf_full,read,zipf,full,40,20263657,600000,1000,1,600000,1,600000,60000,60000,0.99,forward,
read_zipf_full_041.txt,read_zipf_full,read,zipf,full,41,20263658,600000,1000,1,600000,1,600000,60000,60000,0.99,forward,
read_zipf_full_042.txt,read_zipf_full,read,zipf,full,42,20263659,600000,1000,1,600000,1,600000,60000,60000,0.99,forward,
read_zipf_full_043.txt,read_zipf_full,read,zipf,full,43,20263660,600000,1000,1,600000,1,600000,60000,60000,0.99,forward,
read_zipf_full_044.txt,read_zipf_full,read,zipf,full,44,20263661,600000,1000,1,600000,1,600000,60000,60000,0.99,forward,
read_zipf_full_045.txt,read_zipf_full,read,zipf,full,45,20263662,600000,1000,1,600000,1,600000,60000,60000,0.99,forward,
read_zipf_full_046.txt,read_zipf_full,read,zipf,full,46,20263663,600000,1000,1,600000,1,600000,60000,60000,0.99,forward,
read_zipf_full_047.txt,read_zipf_full,read,zipf,full,47,20263664,600000,1000,1,600000,1,600000,60000,60000,0.99,forward,
read_zipf_full_048.txt,read_zipf_full,read,zipf,full,48,20263665,600000,1000,1,600000,1,600000,60000,60000,0.99,forward,
read_zipf_full_049.txt,read_zipf_full,read,zipf,full,49,20263666,600000,1000,1,600000,1,600000,60000,60000,0.99,forward,
read_zipf_full_050.txt,read_zipf_full,read,zipf,full,50,20263667,600000,1000,1,600000,1,600000,60000,60000,0.99,forward,
read_zipf_window_001.txt,read_zipf_window,read,zipf,window,1,20264618,600000,1000,1,600000,474381,534380,60000,60000,0.99,forward,
read_zipf_window_002.txt,read_zipf_window,read,zipf,window,2,20264619,600000,1000,1,600000,381437,441436,60000,60000,0.99,forward,
read_zipf_window_003.txt,read_zipf_window,read,zipf,window,3,20264620,600000,1000,1,600000,238801,298800,60000,60000,0.99,forward,
read_zipf_window_004.txt,read_zipf_window,read,zipf,window,4,20264621,600000,1000,1,600000,389010,449009,60000,60000,0.99,forward,
read_zipf_window_005.txt,read_zipf_window,read,zipf,window,5,20264622,600000,1000,1,600000,387864,447863,60000,60000,0.99,forward,
read_zipf_window_006.txt,read_zipf_window,read,zipf,window,6,20264623,600000,1000,1,600000,176966,236965,60000,60000,0.99,forward,
read_zipf_window_007.txt,read_zipf_window,read,zipf,window,7,20264624,600000,1000,1,600000,311866,371865,60000,60000,0.99,forward,
read_zipf_window_008.txt,read_zipf_window,read,zipf,window,8,20264625,600000,1000,1,600000,108843,168842,60000,60000,0.99,forward,
read_zipf_window_009.txt,read_zipf_window,read,zipf,window,9,20264626,600000,1000,1,600000,441420,501419,60000,60000,0.99,forward,
read_zipf_window_010.txt,read_zipf_window,read,zipf,window,10,20264627,600000,1000,1,600000,245077,305076,60000,60000,0.99,forward,
read_zipf_window_011.txt,read_zipf_window,read,zipf,window,11,20264628,600000,1000,1,600000,472056,532055,60000,60000,0.99,forward,
read_zipf_window_012.txt,read_zipf_window,read,zipf,window,12,20264629,600000,1000,1,600000,145990,205989,60000,60000,0.99,forward,
read_zipf_window_013.txt,read_zipf_window,read,zipf,window,13,20264630,600000,1000,1,600000,118184,178183,60000,60000,0.99,forward,
read_zipf_window_014.txt,read_zipf_window,read,zipf,window,14,20264631,600000,1000,1,600000,420373,480372,60000,60000,0.99,forward,
read_zipf_window_015.txt,read_zipf_window,read,zipf,window,15,20264632,600000,1000,1,600000,343037,403036,60000,60000,0.99,forward,
read_zipf_window_016.txt,read_zipf_window,read,zipf,window,16,20264633,600000,1000,1,600000,36019,96018,60000,60000,0.99,forward,
read_zipf_window_017.txt,read_zipf_window,read,zipf,window,17,20264634,600000,1000,1,600000,423454,483453,60000,60000,0.99,forward,
read_zipf_window_018.txt,read_zipf_window,read,zipf,window,18,20264635,600000,1000,1,600000,233272,293271,60000,60000,0.99,forward,
read_zipf_window_019.txt,read_zipf_window,read,zipf,window,19,20264636,600000,1000,1,600000,255057,315056,60000,60000,0.99,forward,
read_zipf_window_020.txt,read_zipf_window,read,zipf,window,20,20264637,600000,1000,1,600000,101184,161183,60000,60000,0.99,forward,
read_zipf_window_021.txt,read_zipf_window,read,zipf,window,21,20264638,600000,1000,1,600000,71692,131691,60000,60000,0.99,forward,
read_zipf_window_022.txt,read_zipf_window,read,zipf,window,22,20264639,600000,1000,1,600000,171019,231018,60000,60000,0.99,forward,
read_zipf_window_023.txt,read_zipf_window,read,zipf,window,23,20264640,600000,1000,1,600000,292562,352561,60000,60000,0.99,forward,
read_zipf_window_024.txt,read_zipf_window,read,zipf,window,24,20264641,600000,1000,1,600000,447547,507546,60000,60000,0.99,forward,
read_zipf_window_025.txt,read_zipf_window,read,zipf,window,25,20264642,600000,1000,1,600000,166128,226127,60000,60000,0.99,forward,
read_zipf_window_026.txt,read_zipf_window,read,zipf,window,26,20264643,600000,1000,1,600000,207742,267741,60000,60000,0.99,forward,
read_zipf_window_027.txt,read_zipf_window,read,zipf,window,27,20264644,600000,1000,1,600000,150130,210129,60000,60000,0.99,forward,
read_zipf_window_028.txt,read_zipf_window,read,zipf,window,28,20264645,600000,1000,1,600000,213914,273913,60000,60000,0.99,forward,
read_zipf_window_029.txt,read_zipf_window,read,zipf,window,29,20264646,600000,1000,1,600000,41553,101552,60000,60000,0.99,forward,
read_zipf_window_030.txt,read_zipf_window,read,zipf,window,30,20264647,600000,1000,1,600000,234923,294922,60000,60000,0.99,forward,
read_zipf_window_031.txt,read_zipf_window,read,zipf,window,31,20264648,600000,1000,1,600000,319596,379595,60000,60000,0.99,forward,
read_zipf_window_032.txt,read_zipf_window,read,zipf,window,32,20264649,600000,1000,1,600000,340847,400846,60000,60000,0.99,forward,
read_zipf_window_033.txt,read_zipf_window,read,zipf,window,33,20264650,600000,1000,1,600000,155545,215544,60000,60000,0.99,forward,
read_zipf_window_034.txt,read_zipf_window,read,zipf,window,34,20264651,600000,1000,1,600000,229967,289966,60000,60000,0.99,forward,
read_zipf_window_035.txt,read_zipf_window,read,zipf,window,35,20264652,600000,1000,1,600000,417445,477444,60000,60000,0.99,forward,
read_zipf_window_036.txt,read_zipf_window,read,zipf,window,36,20264653,600000,1000,1,600000,334770,394769,60000,60000,0.99,forward,
read_zipf_window_037.txt,read_zipf_window,read,zipf,window,37,20264654,600000,1000,1,600000,343226,403225,60000,60000,0.99,forward,
read_zipf_window_038.txt,read_zipf_window,read,zipf,window,38,20264655,600000,1000,1,600000,217670,277669,60000,60000,0.99,forward,
read_zipf_window_039.txt,read_zipf_window,read,zipf,window,39,20264656,600000,1000,1,600000,277972,337971,60000,60000,0.99,forward,
read_zipf_window_040.txt,read_zipf_window,read,zipf,window,40,20264657,600000,1000,1,600000,257458,317457,60000,60000,0.99,forward,
read_zipf_window_041.txt,read_zipf_window,read,zipf,window,41,20264658,600000,1000,1,600000,26076,86075,60000,60000,0.99,forward,
read_zipf_window_042.txt,read_zipf_window,read,zipf,window,42,20264659,600000,1000,1,600000,466435,526434,60000,60000,0.99,forward,
read_zipf_window_043.txt,read_zipf_window,read,zipf,window,43,20264660,600000,1000,1,600000,414685,474684,60000,60000,0.99,forward,
read_zipf_window_044.txt,read_zipf_window,read,zipf,window,44,20264661,600000,1000,1,600000,374942,434941,60000,60000,0.99,forward,
read_zipf_window_045.txt,read_zipf_window,read,zipf,window,45,20264662,600000,1000,1,600000,300697,360696,60000,60000,0.99,forward,
read_zipf_window_046.txt,read_zipf_window,read,zipf,window,46,20264663,600000,1000,1,600000,467159,527158,60000,60000,0.99,forward,
read_zipf_window_047.txt,read_zipf_window,read,zipf,window,47,20264664,600000,1000,1,600000,138775,198774,60000,60000,0.99,forward,
read_zipf_window_048.txt,read_zipf_window,read,zipf,window,48,20264665,600000,1000,1,600000,329642,389641,60000,60000,0.99,forward,
read_zipf_window_049.txt,read_zipf_window,read,zipf,window,49,20264666,600000,1000,1,600000,445169,505168,60000,60000,0.99,forward,
read_zipf_window_050.txt,read_zipf_window,read,zipf,window,50,20264667,600000,1000,1,600000,386238,446237,60000,60000,0.99,forward,
read_zipf_tail_001.txt,read_zipf_tail,read,zipf,tail,1,20265618,600000,1000,1,600000,540001,600000,60000,60000,0.99,reverse,
read_zipf_tail_002.txt,read_zipf_tail,read,zipf,tail,2,20265619,600000,1000,1,600000,540001,600000,60000,60000,0.99,reverse,
read_zipf_tail_003.txt,read_zipf_tail,read,zipf,tail,3,20265620,600000,1000,1,600000,540001,600000,60000,60000,0.99,reverse,
read_zipf_tail_004.txt,read_zipf_tail,read,zipf,tail,4,20265621,600000,1000,1,600000,540001,600000,60000,60000,0.99,reverse,
read_zipf_tail_005.txt,read_zipf_tail,read,zipf,tail,5,20265622,600000,1000,1,600000,540001,600000,60000,60000,0.99,reverse,
read_zipf_tail_006.txt,read_zipf_tail,read,zipf,tail,6,20265623,600000,1000,1,600000,540001,600000,60000,60000,0.99,reverse,
read_zipf_tail_007.txt,read_zipf_tail,read,zipf,tail,7,20265624,600000,1000,1,600000,540001,600000,60000,60000,0.99,reverse,
read_zipf_tail_008.txt,read_zipf_tail,read,zipf,tail,8,20265625,600000,1000,1,600000,540001,600000,60000,60000,0.99,reverse,
read_zipf_tail_009.txt,read_zipf_tail,read,zipf,tail,9,20265626,600000,1000,1,600000,540001,600000,60000,60000,0.99,reverse,
read_zipf_tail_010.txt,read_zipf_tail,read,zipf,tail,10,20265627,600000,1000,1,600000,540001,600000,60000,60000,0.99,reverse,
read_zipf_tail_011.txt,read_zipf_tail,read,zipf,tail,11,20265628,600000,1000,1,600000,540001,600000,60000,60000,0.99,reverse,
read_zipf_tail_012.txt,read_zipf_tail,read,zipf,tail,12,20265629,600000,1000,1,600000,540001,600000,60000,60000,0.99,reverse,
read_zipf_tail_013.txt,read_zipf_tail,read,zipf,tail,13,20265630,600000,1000,1,600000,540001,600000,60000,60000,0.99,reverse,
read_zipf_tail_014.txt,read_zipf_tail,read,zipf,tail,14,20265631,600000,1000,1,600000,540001,600000,60000,60000,0.99,reverse,
read_zipf_tail_015.txt,read_zipf_tail,read,zipf,tail,15,20265632,600000,1000,1,600000,540001,600000,60000,60000,0.99,reverse,
read_zipf_tail_016.txt,read_zipf_tail,read,zipf,tail,16,20265633,600000,1000,1,600000,540001,600000,60000,60000,0.99,reverse,
read_zipf_tail_017.txt,read_zipf_tail,read,zipf,tail,17,20265634,600000,1000,1,600000,540001,600000,60000,60000,0.99,reverse,
read_zipf_tail_018.txt,read_zipf_tail,read,zipf,tail,18,20265635,600000,1000,1,600000,540001,600000,60000,60000,0.99,reverse,
read_zipf_tail_019.txt,read_zipf_tail,read,zipf,tail,19,20265636,600000,1000,1,600000,540001,600000,60000,60000,0.99,reverse,
read_zipf_tail_020.txt,read_zipf_tail,read,zipf,tail,20,20265637,600000,1000,1,600000,540001,600000,60000,60000,0.99,reverse,
read_zipf_tail_021.txt,read_zipf_tail,read,zipf,tail,21,20265638,600000,1000,1,600000,540001,600000,60000,60000,0.99,reverse,
read_zipf_tail_022.txt,read_zipf_tail,read,zipf,tail,22,20265639,600000,1000,1,600000,540001,600000,60000,60000,0.99,reverse,
read_zipf_tail_023.txt,read_zipf_tail,read,zipf,tail,23,20265640,600000,1000,1,600000,540001,600000,60000,60000,0.99,reverse,
read_zipf_tail_024.txt,read_zipf_tail,read,zipf,tail,24,20265641,600000,1000,1,600000,540001,600000,60000,60000,0.99,reverse,
read_zipf_tail_025.txt,read_zipf_tail,read,zipf,tail,25,20265642,600000,1000,1,600000,540001,600000,60000,60000,0.99,reverse,
read_zipf_tail_026.txt,read_zipf_tail,read,zipf,tail,26,20265643,600000,1000,1,600000,540001,600000,60000,60000,0.99,reverse,
read_zipf_tail_027.txt,read_zipf_tail,read,zipf,tail,27,20265644,600000,1000,1,600000,540001,600000,60000,60000,0.99,reverse,
read_zipf_tail_028.txt,read_zipf_tail,read,zipf,tail,28,20265645,600000,1000,1,600000,540001,600000,60000,60000,0.99,reverse,
read_zipf_tail_029.txt,read_zipf_tail,read,zipf,tail,29,20265646,600000,1000,1,600000,540001,600000,60000,60000,0.99,reverse,
read_zipf_tail_030.txt,read_zipf_tail,read,zipf,tail,30,20265647,600000,1000,1,600000,540001,600000,60000,60000,0.99,reverse,
read_zipf_tail_031.txt,read_zipf_tail,read,zipf,tail,31,20265648,600000,1000,1,600000,540001,600000,60000,60000,0.99,reverse,
read_zipf_tail_032.txt,read_zipf_tail,read,zipf,tail,32,20265649,600000,1000,1,600000,540001,600000,60000,60000,0.99,reverse,
read_zipf_tail_033.txt,read_zipf_tail,read,zipf,tail,33,20265650,600000,1000,1,600000,540001,600000,60000,60000,0.99,reverse,
read_zipf_tail_034.txt,read_zipf_tail,read,zipf,tail,34,20265651,600000,1000,1,600000,540001,600000,60000,60000,0.99,reverse,
read_zipf_tail_035.txt,read_zipf_tail,read,zipf,tail,35,20265652,600000,1000,1,600000,540001,600000,60000,60000,0.99,reverse,
read_zipf_tail_036.txt,read_zipf_tail,read,zipf,tail,36,20265653,600000,1000,1,600000,540001,600000,60000,60000,0.99,reverse,
read_zipf_tail_037.txt,read_zipf_tail,read,zipf,tail,37,20265654,600000,1000,1,600000,540001,600000,60000,60000,0.99,reverse,
read_zipf_tail_038.txt,read_zipf_tail,read,zipf,tail,38,20265655,600000,1000,1,600000,540001,600000,60000,60000,0.99,reverse,
read_zipf_tail_039.txt,read_zipf_tail,read,zipf,tail,39,20265656,600000,1000,1,600000,540001,600000,60000,60000,0.99,reverse,
read_zipf_tail_040.txt,read_zipf_tail,read,zipf,tail,40,20265657,600000,1000,1,600000,540001,600000,60000,60000,0.99,reverse,
read_zipf_tail_041.txt,read_zipf_tail,read,zipf,tail,41,20265658,600000,1000,1,600000,540001,600000,60000,60000,0.99,reverse,
read_zipf_tail_042.txt,read_zipf_tail,read,zipf,tail,42,20265659,600000,1000,1,600000,540001,600000,60000,60000,0.99,reverse,
read_zipf_tail_043.txt,read_zipf_tail,read,zipf,tail,43,20265660,600000,1000,1,600000,540001,600000,60000,60000,0.99,reverse,
read_zipf_tail_044.txt,read_zipf_tail,read,zipf,tail,44,20265661,600000,1000,1,600000,540001,600000,60000,60000,0.99,reverse,
read_zipf_tail_045.txt,read_zipf_tail,read,zipf,tail,45,20265662,600000,1000,1,600000,540001,600000,60000,60000,0.99,reverse,
read_zipf_tail_046.txt,read_zipf_tail,read,zipf,tail,46,20265663,600000,1000,1,600000,540001,600000,60000,60000,0.99,reverse,
read_zipf_tail_047.txt,read_zipf_tail,read,zipf,tail,47,20265664,600000,1000,1,600000,540001,600000,60000,60000,0.99,reverse,
read_zipf_tail_048.txt,read_zipf_tail,read,zipf,tail,48,20265665,600000,1000,1,600000,540001,600000,60000,60000,0.99,reverse,
read_zipf_tail_049.txt,read_zipf_tail,read,zipf,tail,49,20265666,600000,1000,1,600000,540001,600000,60000,60000,0.99,reverse,
read_zipf_tail_050.txt,read_zipf_tail,read,zipf,tail,50,20265667,600000,1000,1,600000,540001,600000,60000,60000,0.99,reverse,
scan_uniform_full_001.txt,scan_uniform_full,scan,uniform,full,1,20266618,600000,1000,1,599951,1,599951,60000,60000,0.99,,50
scan_uniform_full_002.txt,scan_uniform_full,scan,uniform,full,2,20266619,600000,1000,1,599951,1,599951,60000,60000,0.99,,50
scan_uniform_full_003.txt,scan_uniform_full,scan,uniform,full,3,20266620,600000,1000,1,599951,1,599951,60000,60000,0.99,,50
scan_uniform_full_004.txt,scan_uniform_full,scan,uniform,full,4,20266621,600000,1000,1,599951,1,599951,60000,60000,0.99,,50
scan_uniform_full_005.txt,scan_uniform_full,scan,uniform,full,5,20266622,600000,1000,1,599951,1,599951,60000,60000,0.99,,50
scan_uniform_full_006.txt,scan_uniform_full,scan,uniform,full,6,20266623,600000,1000,1,599951,1,599951,60000,60000,0.99,,50
scan_uniform_full_007.txt,scan_uniform_full,scan,uniform,full,7,20266624,600000,1000,1,599951,1,599951,60000,60000,0.99,,50
scan_uniform_full_008.txt,scan_uniform_full,scan,uniform,full,8,20266625,600000,1000,1,599951,1,599951,60000,60000,0.99,,50
scan_uniform_full_009.txt,scan_uniform_full,scan,uniform,full,9,20266626,600000,1000,1,599951,1,599951,60000,60000,0.99,,50
scan_uniform_full_010.txt,scan_uniform_full,scan,uniform,full,10,20266627,600000,1000,1,599951,1,599951,60000,60000,0.99,,50
scan_uniform_full_011.txt,scan_uniform_full,scan,uniform,full,11,20266628,600000,1000,1,599951,1,599951,60000,60000,0.99,,50
scan_uniform_full_012.txt,scan_uniform_full,scan,uniform,full,12,20266629,600000,1000,1,599951,1,599951,60000,60000,0.99,,50
scan_uniform_full_013.txt,scan_uniform_full,scan,uniform,full,13,20266630,600000,1000,1,599951,1,599951,60000,60000,0.99,,50
scan_uniform_full_014.txt,scan_uniform_full,scan,uniform,full,14,20266631,600000,1000,1,599951,1,599951,60000,60000,0.99,,50
scan_uniform_full_015.txt,scan_uniform_full,scan,uniform,full,15,20266632,600000,1000,1,599951,1,599951,60000,60000,0.99,,50
scan_uniform_full_016.txt,scan_uniform_full,scan,uniform,full,16,20266633,600000,1000,1,599951,1,599951,60000,60000,0.99,,50
scan_uniform_full_017.txt,scan_uniform_full,scan,uniform,full,17,20266634,600000,1000,1,599951,1,599951,60000,60000,0.99,,50
scan_uniform_full_018.txt,scan_uniform_full,scan,uniform,full,18,20266635,600000,1000,1,599951,1,599951,60000,60000,0.99,,50
scan_uniform_full_019.txt,scan_uniform_full,scan,uniform,full,19,20266636,600000,1000,1,599951,1,599951,60000,60000,0.99,,50
scan_uniform_full_020.txt,scan_uniform_full,scan,uniform,full,20,20266637,600000,1000,1,599951,1,599951,60000,60000,0.99,,50
scan_uniform_full_021.txt,scan_uniform_full,scan,uniform,full,21,20266638,600000,1000,1,599951,1,599951,60000,60000,0.99,,50
scan_uniform_full_022.txt,scan_uniform_full,scan,uniform,full,22,20266639,600000,1000,1,599951,1,599951,60000,60000,0.99,,50
scan_uniform_full_023.txt,scan_uniform_full,scan,uniform,full,23,20266640,600000,1000,1,599951,1,599951,60000,60000,0.99,,50
scan_uniform_full_024.txt,scan_uniform_full,scan,uniform,full,24,20266641,600000,1000,1,599951,1,599951,60000,60000,0.99,,50
scan_uniform_full_025.txt,scan_uniform_full,scan,uniform,full,25,20266642,600000,1000,1,599951,1,599951,60000,60000,0.99,,50
scan_uniform_full_026.txt,scan_uniform_full,scan,uniform,full,26,20266643,600000,1000,1,599951,1,599951,60000,60000,0.99,,50
scan_uniform_full_027.txt,scan_uniform_full,scan,uniform,full,27,20266644,600000,1000,1,599951,1,599951,60000,60000,0.99,,50
scan_uniform_full_028.txt,scan_uniform_full,scan,uniform,full,28,20266645,600000,1000,1,599951,1,599951,60000,60000,0.99,,50
scan_uniform_full_029.txt,scan_uniform_full,scan,uniform,full,29,20266646,600000,1000,1,599951,1,599951,60000,60000,0.99,,50
scan_uniform_full_030.txt,scan_uniform_full,scan,uniform,full,30,20266647,600000,1000,1,599951,1,599951,60000,60000,0.99,,50
scan_uniform_full_031.txt,scan_uniform_full,scan,uniform,full,31,20266648,600000,1000,1,599951,1,599951,60000,60000,0.99,,50
scan_uniform_full_032.txt,scan_uniform_full,scan,uniform,full,32,20266649,600000,1000,1,599951,1,599951,60000,60000,0.99,,50
scan_uniform_full_033.txt,scan_uniform_full,scan,uniform,full,33,20266650,600000,1000,1,599951,1,599951,60000,60000,0.99,,50
scan_uniform_full_034.txt,scan_uniform_full,scan,uniform,full,34,20266651,600000,1000,1,599951,1,599951,60000,60000,0.99,,50
scan_uniform_full_035.txt,scan_uniform_full,scan,uniform,full,35,20266652,600000,1000,1,599951,1,599951,60000,60000,0.99,,50
scan_uniform_full_036.txt,scan_uniform_full,scan,uniform,full,36,20266653,600000,1000,1,599951,1,599951,60000,60000,0.99,,50
scan_uniform_full_037.txt,scan_uniform_full,scan,uniform,full,37,20266654,600000,1000,1,599951,1,599951,60000,60000,0.99,,50
scan_uniform_full_038.txt,scan_uniform_full,scan,uniform,full,38,20266655,600000,1000,1,599951,1,599951,60000,60000,0.99,,50
scan_uniform_full_039.txt,scan_uniform_full,scan,uniform,full,39,20266656,600000,1000,1,599951,1,599951,60000,60000,0.99,,50
scan_uniform_full_040.txt,scan_uniform_full,scan,uniform,full,40,20266657,600000,1000,1,599951,1,599951,60000,60000,0.99,,50
scan_uniform_full_041.txt,scan_uniform_full,scan,uniform,full,41,20266658,600000,1000,1,599951,1,599951,60000,60000,0.99,,50
scan_uniform_full_042.txt,scan_uniform_full,scan,uniform,full,42,20266659,600000,1000,1,599951,1,599951,60000,60000,0.99,,50
scan_uniform_full_043.txt,scan_uniform_full,scan,uniform,full,43,20266660,600000,1000,1,599951,1,599951,60000,60000,0.99,,50
scan_uniform_full_044.txt,scan_uniform_full,scan,uniform,full,44,20266661,600000,1000,1,599951,1,599951,60000,60000,0.99,,50
scan_uniform_full_045.txt,scan_uniform_full,scan,uniform,full,45,20266662,600000,1000,1,599951,1,599951,60000,60000,0.99,,50
scan_uniform_full_046.txt,scan_uniform_full,scan,uniform,full,46,20266663,600000,1000,1,599951,1,599951,60000,60000,0.99,,50
scan_uniform_full_047.txt,scan_uniform_full,scan,uniform,full,47,20266664,600000,1000,1,599951,1,599951,60000,60000,0.99,,50
scan_uniform_full_048.txt,scan_uniform_full,scan,uniform,full,48,20266665,600000,1000,1,599951,1,599951,60000,60000,0.99,,50
scan_uniform_full_049.txt,scan_uniform_full,scan,uniform,full,49,20266666,600000,1000,1,599951,1,599951,60000,60000,0.99,,50
scan_uniform_full_050.txt,scan_uniform_full,scan,uniform,full,50,20266667,600000,1000,1,599951,1,599951,60000,60000,0.99,,50
scan_uniform_window_001.txt,scan_uniform_window,scan,uniform,window,1,20267618,600000,1000,1,599951,348665,408664,60000,60000,0.99,,50
scan_uniform_window_002.txt,scan_uniform_window,scan,uniform,window,2,20267619,600000,1000,1,599951,86751,146750,60000,60000,0.99,,50
scan_uniform_window_003.txt,scan_uniform_window,scan,uniform,window,3,20267620,600000,1000,1,599951,125753,185752,60000,60000,0.99,,50
scan_uniform_window_004.txt,scan_uniform_window,scan,uniform,window,4,20267621,600000,1000,1,599951,191553,251552,60000,60000,0.99,,50
scan_uniform_window_005.txt,scan_uniform_window,scan,uniform,window,5,20267622,600000,1000,1,599951,263719,323718,60000,60000,0.99,,50
scan_uniform_window_006.txt,scan_uniform_window,scan,uniform,window,6,20267623,600000,1000,1,599951,304489,364488,60000,60000,0.99,,50
scan_uniform_window_007.txt,scan_uniform_window,scan,uniform,window,7,20267624,600000,1000,1,599951,119226,179225,60000,60000,0.99,,50
scan_uniform_window_008.txt,scan_uniform_window,scan,uniform,window,8,20267625,600000,1000,1,599951,422,60421,60000,60000,0.99,,50
scan_uniform_window_009.txt,scan_uniform_window,scan,uniform,window,9,20267626,600000,1000,1,599951,424212,484211,60000,60000,0.99,,50
scan_uniform_window_010.txt,scan_uniform_window,scan,uniform,window,10,20267627,600000,1000,1,599951,193839,253838,60000,60000,0.99,,50
scan_uniform_window_011.txt,scan_uniform_window,scan,uniform,window,11,20267628,600000,1000,1,599951,15563,75562,60000,60000,0.99,,50
scan_uniform_window_012.txt,scan_uniform_window,scan,uniform,window,12,20267629,600000,1000,1,599951,180451,240450,60000,60000,0.99,,50
scan_uniform_window_013.txt,scan_uniform_window,scan,uniform,window,13,20267630,600000,1000,1,599951,246082,306081,60000,60000,0.99,,50
scan_uniform_window_014.txt,scan_uniform_window,scan,uniform,window,14,20267631,600000,1000,1,599951,302291,362290,60000,60000,0.99,,50
scan_uniform_window_015.txt,scan_uniform_window,scan,uniform,window,15,20267632,600000,1000,1,599951,254476,314475,60000,60000,0.99,,50
scan_uniform_window_016.txt,scan_uniform_window,scan,uniform,window,16,20267633,600000,1000,1,599951,103681,163680,60000,60000,0.99,,50
scan_uniform_window_017.txt,scan_uniform_window,scan,uniform,window,17,20267634,600000,1000,1,599951,109551,169550,60000,60000,0.99,,50
scan_uniform_window_018.txt,scan_uniform_window,scan,uniform,window,18,20267635,600000,1000,1,599951,275690,335689,60000,60000,0.99,,50
scan_uniform_window_019.txt,scan_uniform_window,scan,uniform,window,19,20267636,600000,1000,1,599951,117397,177396,60000,60000,0.99,,50
scan_uniform_window_020.txt,scan_uniform_window,scan,uniform,window,20,20267637,600000,1000,1,599951,322779,382778,60000,60000,0.99,,50
scan_uniform_window_021.txt,scan_uniform_window,scan,uniform,window,21,20267638,600000,1000,1,599951,399329,459328,60000,60000,0.99,,50
scan_uniform_window_022.txt,scan_uniform_window,scan,uniform,window,22,20267639,600000,1000,1,599951,396568,456567,60000,60000,0.99,,50
scan_uniform_window_023.txt,scan_uniform_window,scan,uniform,window,23,20267640,600000,1000,1,599951,155236,215235,60000,60000,0.99,,50
scan_uniform_window_024.txt,scan_uniform_window,scan,uniform,window,24,20267641,600000,1000,1,599951,448781,508780,60000,60000,0.99,,50
scan_uniform_window_025.txt,scan_uniform_window,scan,uniform,window,25,20267642,600000,1000,1,599951,155630,215629,60000,60000,0.99,,50
scan_uniform_window_026.txt,scan_uniform_window,scan,uniform,window,26,20267643,600000,1000,1,599951,86619,146618,60000,60000,0.99,,50
scan_uniform_window_027.txt,scan_uniform_window,scan,uniform,window,27,20267644,600000,1000,1,599951,391113,451112,60000,60000,0.99,,50
scan_uniform_window_028.txt,scan_uniform_window,scan,uniform,window,28,20267645,600000,1000,1,599951,127169,187168,60000,60000,0.99,,50
scan_uniform_window_029.txt,scan_uniform_window,scan,uniform,window,29,20267646,600000,1000,1,599951,196872,256871,60000,60000,0.99,,50
scan_uniform_window_030.txt,scan_uniform_window,scan,uniform,window,30,20267647,600000,1000,1,599951,372418,432417,60000,60000,0.99,,50
scan_uniform_window_031.txt,scan_uniform_window,scan,uniform,window,31,20267648,600000,1000,1,599951,205437,265436,60000,60000,0.99,,50
scan_uniform_window_032.txt,scan_uniform_window,scan,uniform,window,32,20267649,600000,1000,1,599951,102189,162188,60000,60000,0.99,,50
scan_uniform_window_033.txt,scan_uniform_window,scan,uniform,window,33,20267650,600000,1000,1,599951,137754,197753,60000,60000,0.99,,50
scan_uniform_window_034.txt,scan_uniform_window,scan,uniform,window,34,20267651,600000,1000,1,599951,233600,293599,60000,60000,0.99,,50
scan_uniform_window_035.txt,scan_uniform_window,scan,uniform,window,35,20267652,600000,1000,1,599951,230235,290234,60000,60000,0.99,,50
scan_uniform_window_036.txt,scan_uniform_window,scan,uniform,window,36,20267653,600000,1000,1,599951,258657,318656,60000,60000,0.99,,50
scan_uniform_window_037.txt,scan_uniform_window,scan,uniform,window,37,20267654,600000,1000,1,599951,447479,507478,60000,60000,0.99,,50
scan_uniform_window_038.txt,scan_uniform_window,scan,uniform,window,38,20267655,600000,1000,1,599951,337052,397051,60000,60000,0.99,,50
scan_uniform_window_039.txt,scan_uniform_window,scan,uniform,window,39,20267656,600000,1000,1,599951,14235,74234,60000,60000,0.99,,50
scan_uniform_window_040.txt,scan_uniform_window,scan,uniform,window,40,20267657,600000,1000,1,599951,426390,486389,60000,60000,0.99,,50
scan_uniform_window_041.txt,scan_uniform_window,scan,uniform,window,41,20267658,600000,1000,1,599951,144571,204570,60000,60000,0.99,,50
scan_uniform_window_042.txt,scan_uniform_window,scan,uniform,window,42,20267659,600000,1000,1,599951,426593,486592,60000,60000,0.99,,50
scan_uniform_window_043.txt,scan_uniform_window,scan,uniform,window,43,20267660,600000,1000,1,599951,308710,368709,60000,60000,0.99,,50
scan_uniform_window_044.txt,scan_uniform_window,scan,uniform,window,44,20267661,600000,1000,1,599951,369717,429716,60000,60000,0.99,,50
scan_uniform_window_045.txt,scan_uniform_window,scan,uniform,window,45,20267662,600000,1000,1,599951,430359,490358,60000,60000,0.99,,50
scan_uniform_window_046.txt,scan_uniform_window,scan,uniform,window,46,20267663,600000,1000,1,599951,112802,172801,60000,60000,0.99,,50
scan_uniform_window_047.txt,scan_uniform_window,scan,uniform,window,47,20267664,600000,1000,1,599951,112815,172814,60000,60000,0.99,,50
scan_uniform_window_048.txt,scan_uniform_window,scan,uniform,window,48,20267665,600000,1000,1,599951,56063,116062,60000,60000,0.99,,50
scan_uniform_window_049.txt,scan_uniform_window,scan,uniform,window,49,20267666,600000,1000,1,599951,214215,274214,60000,60000,0.99,,50
scan_uniform_window_050.txt,scan_uniform_window,scan,uniform,window,50,20267667,600000,1000,1,599951,470769,530768,60000,60000,0.99,,50
scan_uniform_tail_001.txt,scan_uniform_tail,scan,uniform,tail,1,20268618,600000,1000,1,599951,539952,599951,60000,60000,0.99,,50
scan_uniform_tail_002.txt,scan_uniform_tail,scan,uniform,tail,2,20268619,600000,1000,1,599951,539952,599951,60000,60000,0.99,,50
scan_uniform_tail_003.txt,scan_uniform_tail,scan,uniform,tail,3,20268620,600000,1000,1,599951,539952,599951,60000,60000,0.99,,50
scan_uniform_tail_004.txt,scan_uniform_tail,scan,uniform,tail,4,20268621,600000,1000,1,599951,539952,599951,60000,60000,0.99,,50
scan_uniform_tail_005.txt,scan_uniform_tail,scan,uniform,tail,5,20268622,600000,1000,1,599951,539952,599951,60000,60000,0.99,,50
scan_uniform_tail_006.txt,scan_uniform_tail,scan,uniform,tail,6,20268623,600000,1000,1,599951,539952,599951,60000,60000,0.99,,50
scan_uniform_tail_007.txt,scan_uniform_tail,scan,uniform,tail,7,20268624,600000,1000,1,599951,539952,599951,60000,60000,0.99,,50
scan_uniform_tail_008.txt,scan_uniform_tail,scan,uniform,tail,8,20268625,600000,1000,1,599951,539952,599951,60000,60000,0.99,,50
scan_uniform_tail_009.txt,scan_uniform_tail,scan,uniform,tail,9,20268626,600000,1000,1,599951,539952,599951,60000,60000,0.99,,50
scan_uniform_tail_010.txt,scan_uniform_tail,scan,uniform,tail,10,20268627,600000,1000,1,599951,539952,599951,60000,60000,0.99,,50
scan_uniform_tail_011.txt,scan_uniform_tail,scan,uniform,tail,11,20268628,600000,1000,1,599951,539952,599951,60000,60000,0.99,,50
scan_uniform_tail_012.txt,scan_uniform_tail,scan,uniform,tail,12,20268629,600000,1000,1,599951,539952,599951,60000,60000,0.99,,50
scan_uniform_tail_013.txt,scan_uniform_tail,scan,uniform,tail,13,20268630,600000,1000,1,599951,539952,599951,60000,60000,0.99,,50
scan_uniform_tail_014.txt,scan_uniform_tail,scan,uniform,tail,14,20268631,600000,1000,1,599951,539952,599951,60000,60000,0.99,,50
scan_uniform_tail_015.txt,scan_uniform_tail,scan,uniform,tail,15,20268632,600000,1000,1,599951,539952,599951,60000,60000,0.99,,50
scan_uniform_tail_016.txt,scan_uniform_tail,scan,uniform,tail,16,20268633,600000,1000,1,599951,539952,599951,60000,60000,0.99,,50
scan_uniform_tail_017.txt,scan_uniform_tail,scan,uniform,tail,17,20268634,600000,1000,1,599951,539952,599951,60000,60000,0.99,,50
scan_uniform_tail_018.txt,scan_uniform_tail,scan,uniform,tail,18,20268635,600000,1000,1,599951,539952,599951,60000,60000,0.99,,50
scan_uniform_tail_019.txt,scan_uniform_tail,scan,uniform,tail,19,20268636,600000,1000,1,599951,539952,599951,60000,60000,0.99,,50
scan_uniform_tail_020.txt,scan_uniform_tail,scan,uniform,tail,20,20268637,600000,1000,1,599951,539952,599951,60000,60000,0.99,,50
scan_uniform_tail_021.txt,scan_uniform_tail,scan,uniform,tail,21,20268638,600000,1000,1,599951,539952,599951,60000,60000,0.99,,50
scan_uniform_tail_022.txt,scan_uniform_tail,scan,uniform,tail,22,20268639,600000,1000,1,599951,539952,599951,60000,60000,0.99,,50
scan_uniform_tail_023.txt,scan_uniform_tail,scan,uniform,tail,23,20268640,600000,1000,1,599951,539952,599951,60000,60000,0.99,,50
scan_uniform_tail_024.txt,scan_uniform_tail,scan,uniform,tail,24,20268641,600000,1000,1,599951,539952,599951,60000,60000,0.99,,50
scan_uniform_tail_025.txt,scan_uniform_tail,scan,uniform,tail,25,20268642,600000,1000,1,599951,539952,599951,60000,60000,0.99,,50
scan_uniform_tail_026.txt,scan_uniform_tail,scan,uniform,tail,26,20268643,600000,1000,1,599951,539952,599951,60000,60000,0.99,,50
scan_uniform_tail_027.txt,scan_uniform_tail,scan,uniform,tail,27,20268644,600000,1000,1,599951,539952,599951,60000,60000,0.99,,50
scan_uniform_tail_028.txt,scan_uniform_tail,scan,uniform,tail,28,20268645,600000,1000,1,599951,539952,599951,60000,60000,0.99,,50
scan_uniform_tail_029.txt,scan_uniform_tail,scan,uniform,tail,29,20268646,600000,1000,1,599951,539952,599951,60000,60000,0.99,,50
scan_uniform_tail_030.txt,scan_uniform_tail,scan,uniform,tail,30,20268647,600000,1000,1,599951,539952,599951,60000,60000,0.99,,50
scan_uniform_tail_031.txt,scan_uniform_tail,scan,uniform,tail,31,20268648,600000,1000,1,599951,539952,599951,60000,60000,0.99,,50
scan_uniform_tail_032.txt,scan_uniform_tail,scan,uniform,tail,32,20268649,600000,1000,1,599951,539952,599951,60000,60000,0.99,,50
scan_uniform_tail_033.txt,scan_uniform_tail,scan,uniform,tail,33,20268650,600000,1000,1,599951,539952,599951,60000,60000,0.99,,50
scan_uniform_tail_034.txt,scan_uniform_tail,scan,uniform,tail,34,20268651,600000,1000,1,599951,539952,599951,60000,60000,0.99,,50
scan_uniform_tail_035.txt,scan_uniform_tail,scan,uniform,tail,35,20268652,600000,1000,1,599951,539952,599951,60000,60000,0.99,,50
scan_uniform_tail_036.txt,scan_uniform_tail,scan,uniform,tail,36,20268653,600000,1000,1,599951,539952,599951,60000,60000,0.99,,50
scan_uniform_tail_037.txt,scan_uniform_tail,scan,uniform,tail,37,20268654,600000,1000,1,599951,539952,599951,60000,60000,0.99,,50
scan_uniform_tail_038.txt,scan_uniform_tail,scan,uniform,tail,38,20268655,600000,1000,1,599951,539952,599951,60000,60000,0.99,,50
scan_uniform_tail_039.txt,scan_uniform_tail,scan,uniform,tail,39,20268656,600000,1000,1,599951,539952,599951,60000,60000,0.99,,50
scan_uniform_tail_040.txt,scan_uniform_tail,scan,uniform,tail,40,20268657,600000,1000,1,599951,539952,599951,60000,60000,0.99,,50
scan_uniform_tail_041.txt,scan_uniform_tail,scan,uniform,tail,41,20268658,600000,1000,1,599951,539952,599951,60000,60000,0.99,,50
scan_uniform_tail_042.txt,scan_uniform_tail,scan,uniform,tail,42,20268659,600000,1000,1,599951,539952,599951,60000,60000,0.99,,50
scan_uniform_tail_043.txt,scan_uniform_tail,scan,uniform,tail,43,20268660,600000,1000,1,599951,539952,599951,60000,60000,0.99,,50
scan_uniform_tail_044.txt,scan_uniform_tail,scan,uniform,tail,44,20268661,600000,1000,1,599951,539952,599951,60000,60000,0.99,,50
scan_uniform_tail_045.txt,scan_uniform_tail,scan,uniform,tail,45,20268662,600000,1000,1,599951,539952,599951,60000,60000,0.99,,50
scan_uniform_tail_046.txt,scan_uniform_tail,scan,uniform,tail,46,20268663,600000,1000,1,599951,539952,599951,60000,60000,0.99,,50
scan_uniform_tail_047.txt,scan_uniform_tail,scan,uniform,tail,47,20268664,600000,1000,1,599951,539952,599951,60000,60000,0.99,,50
scan_uniform_tail_048.txt,scan_uniform_tail,scan,uniform,tail,48,20268665,600000,1000,1,599951,539952,599951,60000,60000,0.99,,50
scan_uniform_tail_049.txt,scan_uniform_tail,scan,uniform,tail,49,20268666,600000,1000,1,599951,539952,599951,60000,60000,0.99,,50
scan_uniform_tail_050.txt,scan_uniform_tail,scan,uniform,tail,50,20268667,600000,1000,1,599951,539952,599951,60000,60000,0.99,,50
scan_zipf_full_001.txt,scan_zipf_full,scan,zipf,full,1,20269618,600000,1000,1,599951,1,599951,60000,60000,0.99,forward,50
scan_zipf_full_002.txt,scan_zipf_full,scan,zipf,full,2,20269619,600000,1000,1,599951,1,599951,60000,60000,0.99,forward,50
scan_zipf_full_003.txt,scan_zipf_full,scan,zipf,full,3,20269620,600000,1000,1,599951,1,599951,60000,60000,0.99,forward,50
scan_zipf_full_004.txt,scan_zipf_full,scan,zipf,full,4,20269621,600000,1000,1,599951,1,599951,60000,60000,0.99,forward,50
scan_zipf_full_005.txt,scan_zipf_full,scan,zipf,full,5,20269622,600000,1000,1,599951,1,599951,60000,60000,0.99,forward,50
scan_zipf_full_006.txt,scan_zipf_full,scan,zipf,full,6,20269623,600000,1000,1,599951,1,599951,60000,60000,0.99,forward,50
scan_zipf_full_007.txt,scan_zipf_full,scan,zipf,full,7,20269624,600000,1000,1,599951,1,599951,60000,60000,0.99,forward,50
scan_zipf_full_008.txt,scan_zipf_full,scan,zipf,full,8,20269625,600000,1000,1,599951,1,599951,60000,60000,0.99,forward,50
scan_zipf_full_009.txt,scan_zipf_full,scan,zipf,full,9,20269626,600000,1000,1,599951,1,599951,60000,60000,0.99,forward,50
scan_zipf_full_010.txt,scan_zipf_full,scan,zipf,full,10,20269627,600000,1000,1,599951,1,599951,60000,60000,0.99,forward,50
scan_zipf_full_011.txt,scan_zipf_full,scan,zipf,full,11,20269628,600000,1000,1,599951,1,599951,60000,60000,0.99,forward,50
scan_zipf_full_012.txt,scan_zipf_full,scan,zipf,full,12,20269629,600000,1000,1,599951,1,599951,60000,60000,0.99,forward,50
scan_zipf_full_013.txt,scan_zipf_full,scan,zipf,full,13,20269630,600000,1000,1,599951,1,599951,60000,60000,0.99,forward,50
scan_zipf_full_014.txt,scan_zipf_full,scan,zipf,full,14,20269631,600000,1000,1,599951,1,599951,60000,60000,0.99,forward,50
scan_zipf_full_015.txt,scan_zipf_full,scan,zipf,full,15,20269632,600000,1000,1,599951,1,599951,60000,60000,0.99,forward,50
scan_zipf_full_016.txt,scan_zipf_full,scan,zipf,full,16,20269633,600000,1000,1,599951,1,599951,60000,60000,0.99,forward,50
scan_zipf_full_017.txt,scan_zipf_full,scan,zipf,full,17,20269634,600000,1000,1,599951,1,599951,60000,60000,0.99,forward,50
scan_zipf_full_018.txt,scan_zipf_full,scan,zipf,full,18,20269635,600000,1000,1,599951,1,599951,60000,60000,0.99,forward,50
scan_zipf_full_019.txt,scan_zipf_full,scan,zipf,full,19,20269636,600000,1000,1,599951,1,599951,60000,60000,0.99,forward,50
scan_zipf_full_020.txt,scan_zipf_full,scan,zipf,full,20,20269637,600000,1000,1,599951,1,599951,60000,60000,0.99,forward,50
scan_zipf_full_021.txt,scan_zipf_full,scan,zipf,full,21,20269638,600000,1000,1,599951,1,599951,60000,60000,0.99,forward,50
scan_zipf_full_022.txt,scan_zipf_full,scan,zipf,full,22,20269639,600000,1000,1,599951,1,599951,60000,60000,0.99,forward,50
scan_zipf_full_023.txt,scan_zipf_full,scan,zipf,full,23,20269640,600000,1000,1,599951,1,599951,60000,60000,0.99,forward,50
scan_zipf_full_024.txt,scan_zipf_full,scan,zipf,full,24,20269641,600000,1000,1,599951,1,599951,60000,60000,0.99,forward,50
scan_zipf_full_025.txt,scan_zipf_full,scan,zipf,full,25,20269642,600000,1000,1,599951,1,599951,60000,60000,0.99,forward,50
scan_zipf_full_026.txt,scan_zipf_full,scan,zipf,full,26,20269643,600000,1000,1,599951,1,599951,60000,60000,0.99,forward,50
scan_zipf_full_027.txt,scan_zipf_full,scan,zipf,full,27,20269644,600000,1000,1,599951,1,599951,60000,60000,0.99,forward,50
scan_zipf_full_028.txt,scan_zipf_full,scan,zipf,full,28,20269645,600000,1000,1,599951,1,599951,60000,60000,0.99,forward,50
scan_zipf_full_029.txt,scan_zipf_full,scan,zipf,full,29,20269646,600000,1000,1,599951,1,599951,60000,60000,0.99,forward,50
scan_zipf_full_030.txt,scan_zipf_full,scan,zipf,full,30,20269647,600000,1000,1,599951,1,599951,60000,60000,0.99,forward,50
scan_zipf_full_031.txt,scan_zipf_full,scan,zipf,full,31,20269648,600000,1000,1,599951,1,599951,60000,60000,0.99,forward,50
scan_zipf_full_032.txt,scan_zipf_full,scan,zipf,full,32,20269649,600000,1000,1,599951,1,599951,60000,60000,0.99,forward,50
scan_zipf_full_033.txt,scan_zipf_full,scan,zipf,full,33,20269650,600000,1000,1,599951,1,599951,60000,60000,0.99,forward,50
scan_zipf_full_034.txt,scan_zipf_full,scan,zipf,full,34,20269651,600000,1000,1,599951,1,599951,60000,60000,0.99,forward,50
scan_zipf_full_035.txt,scan_zipf_full,scan,zipf,full,35,20269652,600000,1000,1,599951,1,599951,60000,60000,0.99,forward,50
scan_zipf_full_036.txt,scan_zipf_full,scan,zipf,full,36,20269653,600000,1000,1,599951,1,599951,60000,60000,0.99,forward,50
scan_zipf_full_037.txt,scan_zipf_full,scan,zipf,full,37,20269654,600000,1000,1,599951,1,599951,60000,60000,0.99,forward,50
scan_zipf_full_038.txt,scan_zipf_full,scan,zipf,full,38,20269655,600000,1000,1,599951,1,599951,60000,60000,0.99,forward,50
scan_zipf_full_039.txt,scan_zipf_full,scan,zipf,full,39,20269656,600000,1000,1,599951,1,599951,60000,60000,0.99,forward,50
scan_zipf_full_040.txt,scan_zipf_full,scan,zipf,full,40,20269657,600000,1000,1,599951,1,599951,60000,60000,0.99,forward,50
scan_zipf_full_041.txt,scan_zipf_full,scan,zipf,full,41,20269658,600000,1000,1,599951,1,599951,60000,60000,0.99,forward,50
scan_zipf_full_042.txt,scan_zipf_full,scan,zipf,full,42,20269659,600000,1000,1,599951,1,599951,60000,60000,0.99,forward,50
scan_zipf_full_043.txt,scan_zipf_full,scan,zipf,full,43,20269660,600000,1000,1,599951,1,599951,60000,60000,0.99,forward,50
scan_zipf_full_044.txt,scan_zipf_full,scan,zipf,full,44,20269661,600000,1000,1,599951,1,599951,60000,60000,0.99,forward,50
scan_zipf_full_045.txt,scan_zipf_full,scan,zipf,full,45,20269662,600000,1000,1,599951,1,599951,60000,60000,0.99,forward,50
scan_zipf_full_046.txt,scan_zipf_full,scan,zipf,full,46,20269663,600000,1000,1,599951,1,599951,60000,60000,0.99,forward,50
scan_zipf_full_047.txt,scan_zipf_full,scan,zipf,full,47,20269664,600000,1000,1,599951,1,599951,60000,60000,0.99,forward,50
scan_zipf_full_048.txt,scan_zipf_full,scan,zipf,full,48,20269665,600000,1000,1,599951,1,599951,60000,60000,0.99,forward,50
scan_zipf_full_049.txt,scan_zipf_full,scan,zipf,full,49,20269666,600000,1000,1,599951,1,599951,60000,60000,0.99,forward,50
scan_zipf_full_050.txt,scan_zipf_full,scan,zipf,full,50,20269667,600000,1000,1,599951,1,599951,60000,60000,0.99,forward,50
scan_zipf_window_001.txt,scan_zipf_window,scan,zipf,window,1,20270618,600000,1000,1,599951,67557,127556,60000,60000,0.99,forward,50
scan_zipf_window_002.txt,scan_zipf_window,scan,zipf,window,2,20270619,600000,1000,1,599951,188472,248471,60000,60000,0.99,forward,50
scan_zipf_window_003.txt,scan_zipf_window,scan,zipf,window,3,20270620,600000,1000,1,599951,141229,201228,60000,60000,0.99,forward,50
scan_zipf_window_004.txt,scan_zipf_window,scan,zipf,window,4,20270621,600000,1000,1,599951,176048,236047,60000,60000,0.99,forward,50
scan_zipf_window_005.txt,scan_zipf_window,scan,zipf,window,5,20270622,600000,1000,1,599951,22147,82146,60000,60000,0.99,forward,50
scan_zipf_window_006.txt,scan_zipf_window,scan,zipf,window,6,20270623,600000,1000,1,599951,324679,384678,60000,60000,0.99,forward,50
scan_zipf_window_007.txt,scan_zipf_window,scan,zipf,window,7,20270624,600000,1000,1,599951,408944,468943,60000,60000,0.99,forward,50
scan_zipf_window_008.txt,scan_zipf_window,scan,zipf,window,8,20270625,600000,1000,1,599951,255938,315937,60000,60000,0.99,forward,50
scan_zipf_window_009.txt,scan_zipf_window,scan,zipf,window,9,20270626,600000,1000,1,599951,410568,470567,60000,60000,0.99,forward,50
scan_zipf_window_010.txt,scan_zipf_window,scan,zipf,window,10,20270627,600000,1000,1,599951,329931,389930,60000,60000,0.99,forward,50
scan_zipf_window_011.txt,scan_zipf_window,scan,zipf,window,11,20270628,600000,1000,1,599951,139974,199973,60000,60000,0.99,forward,50
scan_zipf_window_012.txt,scan_zipf_window,scan,zipf,window,12,20270629,600000,1000,1,599951,57163,117162,60000,60000,0.99,forward,50
scan_zipf_window_013.txt,scan_zipf_window,scan,zipf,window,13,20270630,600000,1000,1,599951,369971,429970,60000,60000,0.99,forward,50
scan_zipf_window_014.txt,scan_zipf_window,scan,zipf,window,14,20270631,600000,1000,1,599951,453916,513915,60000,60000,0.99,forward,50
scan_zipf_window_015.txt,scan_zipf_window,scan,zipf,window,15,20270632,600000,1000,1,599951,292882,352881,60000,60000,0.99,forward,50
scan_zipf_window_016.txt,scan_zipf_window,scan,zipf,window,16,20270633,600000,1000,1,599951,378456,438455,60000,60000,0.99,forward,50
scan_zipf_window_017.txt,scan_zipf_window,scan,zipf,window,17,20270634,600000,1000,1,599951,76437,136436,60000,60000,0.99,forward,50
scan_zipf_window_018.txt,scan_zipf_window,scan,zipf,window,18,20270635,600000,1000,1,599951,20708,80707,60000,60000,0.99,forward,50
scan_zipf_window_019.txt,scan_zipf_window,scan,zipf,window,19,20270636,600000,1000,1,599951,335710,395709,60000,60000,0.99,forward,50
scan_zipf_window_020.txt,scan_zipf_window,scan,zipf,window,20,20270637,600000,1000,1,599951,134147,194146,60000,60000,0.99,forward,50
scan_zipf_window_021.txt,scan_zipf_window,scan,zipf,window,21,20270638,600000,1000,1,599951,35273,95272,60000,60000,0.99,forward,50
scan_zipf_window_022.txt,scan_zipf_window,scan,zipf,window,22,20270639,600000,1000,1,599951,230008,290007,60000,60000,0.99,forward,50
scan_zipf_window_023.txt,scan_zipf_window,scan,zipf,window,23,20270640,600000,1000,1,599951,170084,230083,60000,60000,0.99,forward,50
scan_zipf_window_024.txt,scan_zipf_window,scan,zipf,window,24,20270641,600000,1000,1,599951,135741,195740,60000,60000,0.99,forward,50
scan_zipf_window_025.txt,scan_zipf_window,scan,zipf,window,25,20270642,600000,1000,1,599951,335835,395834,60000,60000,0.99,forward,50
scan_zipf_window_026.txt,scan_zipf_window,scan,zipf,window,26,20270643,600000,1000,1,599951,335245,395244,60000,60000,0.99,forward,50
scan_zipf_window_027.txt,scan_zipf_window,scan,zipf,window,27,20270644,600000,1000,1,599951,338265,398264,60000,60000,0.99,forward,50
scan_zipf_window_028.txt,scan_zipf_window,scan,zipf,window,28,20270645,600000,1000,1,599951,479416,539415,60000,60000,0.99,forward,50
scan_zipf_window_029.txt,scan_zipf_window,scan,zipf,window,29,20270646,600000,1000,1,599951,20662,80661,60000,60000,0.99,forward,50
scan_zipf_window_030.txt,scan_zipf_window,scan,zipf,window,30,20270647,600000,1000,1,599951,364508,424507,60000,60000,0.99,forward,50
scan_zipf_window_031.txt,scan_zipf_window,scan,zipf,window,31,20270648,600000,1000,1,599951,319731,379730,60000,60000,0.99,forward,50
scan_zipf_window_032.txt,scan_zipf_window,scan,zipf,window,32,20270649,600000,1000,1,599951,207471,267470,60000,60000,0.99,forward,50
scan_zipf_window_033.txt,scan_zipf_window,scan,zipf,window,33,20270650,600000,1000,1,599951,427077,487076,60000,60000,0.99,forward,50
scan_zipf_window_034.txt,scan_zipf_window,scan,zipf,window,34,20270651,600000,1000,1,599951,223360,283359,60000,60000,0.99,forward,50
scan_zipf_window_035.txt,scan_zipf_window,scan,zipf,window,35,20270652,600000,1000,1,599951,208144,268143,60000,60000,0.99,forward,50
scan_zipf_window_036.txt,scan_zipf_window,scan,zipf,window,36,20270653,600000,1000,1,599951,189507,249506,60000,60000,0.99,forward,50
scan_zipf_window_037.txt,scan_zipf_window,scan,zipf,window,37,20270654,600000,1000,1,599951,223262,283261,60000,60000,0.99,forward,50
scan_zipf_window_038.txt,scan_zipf_window,scan,zipf,window,38,20270655,600000,1000,1,599951,292594,352593,60000,60000,0.99,forward,50
scan_zipf_window_039.txt,scan_zipf_window,scan,zipf,window,39,20270656,600000,1000,1,599951,25498,85497,60000,60000,0.99,forward,50
scan_zipf_window_040.txt,scan_zipf_window,scan,zipf,window,40,20270657,600000,1000,1,599951,81825,141824,60000,60000,0.99,forward,50
scan_zipf_window_041.txt,scan_zipf_window,scan,zipf,window,41,20270658,600000,1000,1,599951,174564,234563,60000,60000,0.99,forward,50
scan_zipf_window_042.txt,scan_zipf_window,scan,zipf,window,42,20270659,600000,1000,1,599951,463512,523511,60000,60000,0.99,forward,50
scan_zipf_window_043.txt,scan_zipf_window,scan,zipf,window,43,20270660,600000,1000,1,599951,316291,376290,60000,60000,0.99,forward,50
scan_zipf_window_044.txt,scan_zipf_window,scan,zipf,window,44,20270661,600000,1000,1,599951,176748,236747,60000,60000,0.99,forward,50
scan_zipf_window_045.txt,scan_zipf_window,scan,zipf,window,45,20270662,600000,1000,1,599951,317826,377825,60000,60000,0.99,forward,50
scan_zipf_window_046.txt,scan_zipf_window,scan,zipf,window,46,20270663,600000,1000,1,599951,335310,395309,60000,60000,0.99,forward,50
scan_zipf_window_047.txt,scan_zipf_window,scan,zipf,window,47,20270664,600000,1000,1,599951,42885,102884,60000,60000,0.99,forward,50
scan_zipf_window_048.txt,scan_zipf_window,scan,zipf,window,48,20270665,600000,1000,1,599951,260274,320273,60000,60000,0.99,forward,50
scan_zipf_window_049.txt,scan_zipf_window,scan,zipf,window,49,20270666,600000,1000,1,599951,475204,535203,60000,60000,0.99,forward,50
scan_zipf_window_050.txt,scan_zipf_window,scan,zipf,window,50,20270667,600000,1000,1,599951,426635,486634,60000,60000,0.99,forward,50
scan_zipf_tail_001.txt,scan_zipf_tail,scan,zipf,tail,1,20271618,600000,1000,1,599951,539952,599951,60000,60000,0.99,reverse,50
scan_zipf_tail_002.txt,scan_zipf_tail,scan,zipf,tail,2,20271619,600000,1000,1,599951,539952,599951,60000,60000,0.99,reverse,50
scan_zipf_tail_003.txt,scan_zipf_tail,scan,zipf,tail,3,20271620,600000,1000,1,599951,539952,599951,60000,60000,0.99,reverse,50
scan_zipf_tail_004.txt,scan_zipf_tail,scan,zipf,tail,4,20271621,600000,1000,1,599951,539952,599951,60000,60000,0.99,reverse,50
scan_zipf_tail_005.txt,scan_zipf_tail,scan,zipf,tail,5,20271622,600000,1000,1,599951,539952,599951,60000,60000,0.99,reverse,50
scan_zipf_tail_006.txt,scan_zipf_tail,scan,zipf,tail,6,20271623,600000,1000,1,599951,539952,599951,60000,60000,0.99,reverse,50
scan_zipf_tail_007.txt,scan_zipf_tail,scan,zipf,tail,7,20271624,600000,1000,1,599951,539952,599951,60000,60000,0.99,reverse,50
scan_zipf_tail_008.txt,scan_zipf_tail,scan,zipf,tail,8,20271625,600000,1000,1,599951,539952,599951,60000,60000,0.99,reverse,50
scan_zipf_tail_009.txt,scan_zipf_tail,scan,zipf,tail,9,20271626,600000,1000,1,599951,539952,599951,60000,60000,0.99,reverse,50
scan_zipf_tail_010.txt,scan_zipf_tail,scan,zipf,tail,10,20271627,600000,1000,1,599951,539952,599951,60000,60000,0.99,reverse,50
scan_zipf_tail_011.txt,scan_zipf_tail,scan,zipf,tail,11,20271628,600000,1000,1,599951,539952,599951,60000,60000,0.99,reverse,50
scan_zipf_tail_012.txt,scan_zipf_tail,scan,zipf,tail,12,20271629,600000,1000,1,599951,539952,599951,60000,60000,0.99,reverse,50
scan_zipf_tail_013.txt,scan_zipf_tail,scan,zipf,tail,13,20271630,600000,1000,1,599951,539952,599951,60000,60000,0.99,reverse,50
scan_zipf_tail_014.txt,scan_zipf_tail,scan,zipf,tail,14,20271631,600000,1000,1,599951,539952,599951,60000,60000,0.99,reverse,50
scan_zipf_tail_015.txt,scan_zipf_tail,scan,zipf,tail,15,20271632,600000,1000,1,599951,539952,599951,60000,60000,0.99,reverse,50
scan_zipf_tail_016.txt,scan_zipf_tail,scan,zipf,tail,16,20271633,600000,1000,1,599951,539952,599951,60000,60000,0.99,reverse,50
scan_zipf_tail_017.txt,scan_zipf_tail,scan,zipf,tail,17,20271634,600000,1000,1,599951,539952,599951,60000,60000,0.99,reverse,50
scan_zipf_tail_018.txt,scan_zipf_tail,scan,zipf,tail,18,20271635,600000,1000,1,599951,539952,599951,60000,60000,0.99,reverse,50
scan_zipf_tail_019.txt,scan_zipf_tail,scan,zipf,tail,19,20271636,600000,1000,1,599951,539952,599951,60000,60000,0.99,reverse,50
scan_zipf_tail_020.txt,scan_zipf_tail,scan,zipf,tail,20,20271637,600000,1000,1,599951,539952,599951,60000,60000,0.99,reverse,50
scan_zipf_tail_021.txt,scan_zipf_tail,scan,zipf,tail,21,20271638,600000,1000,1,599951,539952,599951,60000,60000,0.99,reverse,50
scan_zipf_tail_022.txt,scan_zipf_tail,scan,zipf,tail,22,20271639,600000,1000,1,599951,539952,599951,60000,60000,0.99,reverse,50
scan_zipf_tail_023.txt,scan_zipf_tail,scan,zipf,tail,23,20271640,600000,1000,1,599951,539952,599951,60000,60000,0.99,reverse,50
scan_zipf_tail_024.txt,scan_zipf_tail,scan,zipf,tail,24,20271641,600000,1000,1,599951,539952,599951,60000,60000,0.99,reverse,50
scan_zipf_tail_025.txt,scan_zipf_tail,scan,zipf,tail,25,20271642,600000,1000,1,599951,539952,599951,60000,60000,0.99,reverse,50
scan_zipf_tail_026.txt,scan_zipf_tail,scan,zipf,tail,26,20271643,600000,1000,1,599951,539952,599951,60000,60000,0.99,reverse,50
scan_zipf_tail_027.txt,scan_zipf_tail,scan,zipf,tail,27,20271644,600000,1000,1,599951,539952,599951,60000,60000,0.99,reverse,50
scan_zipf_tail_028.txt,scan_zipf_tail,scan,zipf,tail,28,20271645,600000,1000,1,599951,539952,599951,60000,60000,0.99,reverse,50
scan_zipf_tail_029.txt,scan_zipf_tail,scan,zipf,tail,29,20271646,600000,1000,1,599951,539952,599951,60000,60000,0.99,reverse,50
scan_zipf_tail_030.txt,scan_zipf_tail,scan,zipf,tail,30,20271647,600000,1000,1,599951,539952,599951,60000,60000,0.99,reverse,50
scan_zipf_tail_031.txt,scan_zipf_tail,scan,zipf,tail,31,20271648,600000,1000,1,599951,539952,599951,60000,60000,0.99,reverse,50
scan_zipf_tail_032.txt,scan_zipf_tail,scan,zipf,tail,32,20271649,600000,1000,1,599951,539952,599951,60000,60000,0.99,reverse,50
scan_zipf_tail_033.txt,scan_zipf_tail,scan,zipf,tail,33,20271650,600000,1000,1,599951,539952,599951,60000,60000,0.99,reverse,50
scan_zipf_tail_034.txt,scan_zipf_tail,scan,zipf,tail,34,20271651,600000,1000,1,599951,539952,599951,60000,60000,0.99,reverse,50
scan_zipf_tail_035.txt,scan_zipf_tail,scan,zipf,tail,35,20271652,600000,1000,1,599951,539952,599951,60000,60000,0.99,reverse,50
scan_zipf_tail_036.txt,scan_zipf_tail,scan,zipf,tail,36,20271653,600000,1000,1,599951,539952,599951,60000,60000,0.99,reverse,50
scan_zipf_tail_037.txt,scan_zipf_tail,scan,zipf,tail,37,20271654,600000,1000,1,599951,539952,599951,60000,60000,0.99,reverse,50
scan_zipf_tail_038.txt,scan_zipf_tail,scan,zipf,tail,38,20271655,600000,1000,1,599951,539952,599951,60000,60000,0.99,reverse,50
scan_zipf_tail_039.txt,scan_zipf_tail,scan,zipf,tail,39,20271656,600000,1000,1,599951,539952,599951,60000,60000,0.99,reverse,50
scan_zipf_tail_040.txt,scan_zipf_tail,scan,zipf,tail,40,20271657,600000,1000,1,599951,539952,599951,60000,60000,0.99,reverse,50
scan_zipf_tail_041.txt,scan_zipf_tail,scan,zipf,tail,41,20271658,600000,1000,1,599951,539952,599951,60000,60000,0.99,reverse,50
scan_zipf_tail_042.txt,scan_zipf_tail,scan,zipf,tail,42,20271659,600000,1000,1,599951,539952,599951,60000,60000,0.99,reverse,50
scan_zipf_tail_043.txt,scan_zipf_tail,scan,zipf,tail,43,20271660,600000,1000,1,599951,539952,599951,60000,60000,0.99,reverse,50
scan_zipf_tail_044.txt,scan_zipf_tail,scan,zipf,tail,44,20271661,600000,1000,1,599951,539952,599951,60000,60000,0.99,reverse,50
scan_zipf_tail_045.txt,scan_zipf_tail,scan,zipf,tail,45,20271662,600000,1000,1,599951,539952,599951,60000,60000,0.99,reverse,50
scan_zipf_tail_046.txt,scan_zipf_tail,scan,zipf,tail,46,20271663,600000,1000,1,599951,539952,599951,60000,60000,0.99,reverse,50
scan_zipf_tail_047.txt,scan_zipf_tail,scan,zipf,tail,47,20271664,600000,1000,1,599951,539952,599951,60000,60000,0.99,reverse,50
scan_zipf_tail_048.txt,scan_zipf_tail,scan,zipf,tail,48,20271665,600000,1000,1,599951,539952,599951,60000,60000,0.99,reverse,50
scan_zipf_tail_049.txt,scan_zipf_tail,scan,zipf,tail,49,20271666,600000,1000,1,599951,539952,599951,60000,60000,0.99,reverse,50
scan_zipf_tail_050.txt,scan_zipf_tail,scan,zipf,tail,50,20271667,600000,1000,1,599951,539952,599951,60000,60000,0.99,reverse,50
