label,operation_count,page_number,page_type
baseline,0,3,interior_index
baseline,0,4,interior_index
baseline,0,1588,interior_index
baseline,0,1589,interior_index
baseline,0,1640,interior_index
baseline,0,1641,interior_index
baseline,0,3071,interior_index
baseline,0,3183,interior_index
baseline,0,4552,interior_index
baseline,0,4699,interior_index
baseline,0,5598,interior_index
baseline,0,5864,interior_index
baseline,0,6729,interior_index
baseline,0,7155,interior_index
baseline,0,7959,interior_index
baseline,0,8471,interior_index
baseline,0,9756,interior_index
baseline,0,10626,interior_index
baseline,0,11052,interior_index
baseline,0,12175,interior_index
baseline,0,12243,interior_index
baseline,0,12385,interior_index
baseline,0,13674,interior_index
baseline,0,14374,interior_index
baseline,0,15068,interior_index
baseline,0,15685,interior_index
baseline,0,16363,interior_index
baseline,0,16555,interior_index
baseline,0,17552,interior_index
baseline,0,18853,interior_index
baseline,0,18963,interior_index
baseline,0,20128,interior_index
baseline,0,20346,interior_index
baseline,0,21422,interior_index
baseline,0,22737,interior_index
baseline,0,22894,interior_index
baseline,0,23042,interior_index
baseline,0,23203,interior_index
baseline,0,24092,interior_index
baseline,0,24552,interior_index
baseline,0,25412,interior_index
baseline,0,2,interior_table
baseline,0,674,interior_table
baseline,0,675,interior_table
baseline,0,1267,interior_table
baseline,0,1866,interior_table
baseline,0,2390,interior_table
baseline,0,2909,interior_table
baseline,0,3433,interior_table
baseline,0,3964,interior_table
baseline,0,4479,interior_table
baseline,0,4998,interior_table
baseline,0,5532,interior_table
baseline,0,6053,interior_table
baseline,0,6570,interior_table
baseline,0,7092,interior_table
baseline,0,7622,interior_table
baseline,0,8150,interior_table
baseline,0,8673,interior_table
baseline,0,9178,interior_table
baseline,0,9711,interior_table
baseline,0,10227,interior_table
baseline,0,10758,interior_table
baseline,0,11284,interior_table
baseline,0,11808,interior_table
baseline,0,12357,interior_table
baseline,0,12873,interior_table
baseline,0,13392,interior_table
baseline,0,13925,interior_table
baseline,0,14499,interior_table
baseline,0,15060,interior_table
baseline,0,15596,interior_table
baseline,0,16117,interior_table
baseline,0,16605,interior_table
baseline,0,17083,interior_table
baseline,0,17565,interior_table
baseline,0,18071,interior_table
baseline,0,18599,interior_table
baseline,0,19142,interior_table
baseline,0,19638,interior_table
baseline,0,20156,interior_table
baseline,0,20679,interior_table
baseline,0,21202,interior_table
baseline,0,21724,interior_table
baseline,0,22262,interior_table
baseline,0,22786,interior_table
baseline,0,23334,interior_table
baseline,0,23882,interior_table
baseline,0,24408,interior_table
baseline,0,24960,interior_table
baseline,0,25481,interior_table
baseline,0,26007,interior_table
checkpoint_001,5000,3,interior_index
checkpoint_001,5000,4,interior_index
checkpoint_001,5000,1588,interior_index
checkpoint_001,5000,1589,interior_index
checkpoint_001,5000,1640,interior_index
checkpoint_001,5000,1641,interior_index
checkpoint_001,5000,3071,interior_index
checkpoint_001,5000,3183,interior_index
checkpoint_001,5000,4552,interior_index
checkpoint_001,5000,4699,interior_index
checkpoint_001,5000,5598,interior_index
checkpoint_001,5000,5864,interior_index
checkpoint_001,5000,6729,interior_index
checkpoint_001,5000,7155,interior_index
checkpoint_001,5000,7959,interior_index
checkpoint_001,5000,8471,interior_index
checkpoint_001,5000,9756,interior_index
checkpoint_001,5000,10626,interior_index
checkpoint_001,5000,11052,interior_index
checkpoint_001,5000,12175,interior_index
checkpoint_001,5000,12243,interior_index
checkpoint_001,5000,12385,interior_index
checkpoint_001,5000,13674,interior_index
checkpoint_001,5000,14374,interior_index
checkpoint_001,5000,15068,interior_index
checkpoint_001,5000,15685,interior_index
checkpoint_001,5000,16363,interior_index
checkpoint_001,5000,16555,interior_index
checkpoint_001,5000,17552,interior_index
checkpoint_001,5000,18853,interior_index
checkpoint_001,5000,18963,interior_index
checkpoint_001,5000,20128,interior_index
checkpoint_001,5000,20346,interior_index
checkpoint_001,5000,21422,interior_index
checkpoint_001,5000,22737,interior_index
checkpoint_001,5000,22894,interior_index
checkpoint_001,5000,23042,interior_index
checkpoint_001,5000,23203,interior_index
checkpoint_001,5000,24092,interior_index
checkpoint_001,5000,24552,interior_index
checkpoint_001,5000,25412,interior_index
checkpoint_001,5000,2,interior_table
checkpoint_001,5000,674,interior_table
checkpoint_001,5000,675,interior_table
checkpoint_001,5000,1267,interior_table
checkpoint_001,5000,1866,interior_table
checkpoint_001,5000,2390,interior_table
checkpoint_001,5000,2909,interior_table
checkpoint_001,5000,3433,interior_table
checkpoint_001,5000,3964,interior_table
checkpoint_001,5000,4479,interior_table
checkpoint_001,5000,4998,interior_table
checkpoint_001,5000,5532,interior_table
checkpoint_001,5000,6053,interior_table
checkpoint_001,5000,6570,interior_table
checkpoint_001,5000,7092,interior_table
checkpoint_001,5000,7622,interior_table
checkpoint_001,5000,8150,interior_table
checkpoint_001,5000,8673,interior_table
checkpoint_001,5000,9178,interior_table
checkpoint_001,5000,9711,interior_table
checkpoint_001,5000,10227,interior_table
checkpoint_001,5000,10758,interior_table
checkpoint_001,5000,11284,interior_table
checkpoint_001,5000,11808,interior_table
checkpoint_001,5000,12357,interior_table
checkpoint_001,5000,12873,interior_table
checkpoint_001,5000,13392,interior_table
checkpoint_001,5000,13925,interior_table
checkpoint_001,5000,14499,interior_table
checkpoint_001,5000,15060,interior_table
checkpoint_001,5000,15596,interior_table
checkpoint_001,5000,16117,interior_table
checkpoint_001,5000,16605,interior_table
checkpoint_001,5000,17083,interior_table
checkpoint_001,5000,17565,interior_table
checkpoint_001,5000,18071,interior_table
checkpoint_001,5000,18599,interior_table
checkpoint_001,5000,19142,interior_table
checkpoint_001,5000,19638,interior_table
checkpoint_001,5000,20156,interior_table
checkpoint_001,5000,20679,interior_table
checkpoint_001,5000,21202,interior_table
checkpoint_001,5000,21724,interior_table
checkpoint_001,5000,22262,interior_table
checkpoint_001,5000,22786,interior_table
checkpoint_001,5000,23334,interior_table
checkpoint_001,5000,23882,interior_table
checkpoint_001,5000,24408,interior_table
checkpoint_001,5000,24960,interior_table
checkpoint_001,5000,25481,interior_table
checkpoint_001,5000,26007,interior_table
checkpoint_002,10000,3,interior_index
checkpoint_002,10000,4,interior_index
checkpoint_002,10000,1588,interior_index
checkpoint_002,10000,1589,interior_index
checkpoint_002,10000,1640,interior_index
checkpoint_002,10000,1641,interior_index
checkpoint_002,10000,3071,interior_index
checkpoint_002,10000,3183,interior_index
checkpoint_002,10000,4552,interior_index
checkpoint_002,10000,4699,interior_index
checkpoint_002,10000,5598,interior_index
checkpoint_002,10000,5864,interior_index
checkpoint_002,10000,6729,interior_index
checkpoint_002,10000,7155,interior_index
checkpoint_002,10000,7959,interior_index
checkpoint_002,10000,8471,interior_index
checkpoint_002,10000,9756,interior_index
checkpoint_002,10000,10626,interior_index
checkpoint_002,10000,11052,interior_index
checkpoint_002,10000,12175,interior_index
checkpoint_002,10000,12243,interior_index
checkpoint_002,10000,12385,interior_index
checkpoint_002,10000,13674,interior_index
checkpoint_002,10000,14374,interior_index
checkpoint_002,10000,15068,interior_index
checkpoint_002,10000,15685,interior_index
checkpoint_002,10000,16363,interior_index
checkpoint_002,10000,16555,interior_index
checkpoint_002,10000,17552,interior_index
checkpoint_002,10000,18853,interior_index
checkpoint_002,10000,18963,interior_index
checkpoint_002,10000,20128,interior_index
checkpoint_002,10000,20346,interior_index
checkpoint_002,10000,21422,interior_index
checkpoint_002,10000,22737,interior_index
checkpoint_002,10000,22894,interior_index
checkpoint_002,10000,23042,interior_index
checkpoint_002,10000,23203,interior_index
checkpoint_002,10000,24092,interior_index
checkpoint_002,10000,24552,interior_index
checkpoint_002,10000,25412,interior_index
checkpoint_002,10000,26447,interior_index
checkpoint_002,10000,2,interior_table
checkpoint_002,10000,674,interior_table
checkpoint_002,10000,675,interior_table
checkpoint_002,10000,1267,interior_table
checkpoint_002,10000,1866,interior_table
checkpoint_002,10000,2390,interior_table
checkpoint_002,10000,2909,interior_table
checkpoint_002,10000,3433,interior_table
checkpoint_002,10000,3964,interior_table
checkpoint_002,10000,4479,interior_table
checkpoint_002,10000,4998,interior_table
checkpoint_002,10000,5532,interior_table
checkpoint_002,10000,6053,interior_table
checkpoint_002,10000,6570,interior_table
checkpoint_002,10000,7092,interior_table
checkpoint_002,10000,7622,interior_table
checkpoint_002,10000,8150,interior_table
checkpoint_002,10000,8673,interior_table
checkpoint_002,10000,9178,interior_table
checkpoint_002,10000,9711,interior_table
checkpoint_002,10000,10227,interior_table
checkpoint_002,10000,10758,interior_table
checkpoint_002,10000,11284,interior_table
checkpoint_002,10000,11808,interior_table
checkpoint_002,10000,12357,interior_table
checkpoint_002,10000,12873,interior_table
checkpoint_002,10000,13392,interior_table
checkpoint_002,10000,13925,interior_table
checkpoint_002,10000,14499,interior_table
checkpoint_002,10000,15060,interior_table
checkpoint_002,10000,15596,interior_table
checkpoint_002,10000,16117,interior_table
checkpoint_002,10000,16605,interior_table
checkpoint_002,10000,17083,interior_table
checkpoint_002,10000,17565,interior_table
checkpoint_002,10000,18071,interior_table
checkpoint_002,10000,18599,interior_table
checkpoint_002,10000,19142,interior_table
checkpoint_002,10000,19638,interior_table
checkpoint_002,10000,20156,interior_table
checkpoint_002,10000,20679,interior_table
checkpoint_002,10000,21202,interior_table
checkpoint_002,10000,21724,interior_table
checkpoint_002,10000,22262,interior_table
checkpoint_002,10000,22786,interior_table
checkpoint_002,10000,23334,interior_table
checkpoint_002,10000,23882,interior_table
checkpoint_002,10000,24408,interior_table
checkpoint_002,10000,24960,interior_table
checkpoint_002,10000,25481,interior_table
checkpoint_002,10000,26007,interior_table
checkpoint_003,15000,3,interior_index
checkpoint_003,15000,4,interior_index
checkpoint_003,15000,1588,interior_index
checkpoint_003,15000,1589,interior_index
checkpoint_003,15000,1640,interior_index
checkpoint_003,15000,1641,interior_index
checkpoint_003,15000,3071,interior_index
checkpoint_003,15000,3183,interior_index
checkpoint_003,15000,4552,interior_index
checkpoint_003,15000,4699,interior_index
checkpoint_003,15000,5598,interior_index
checkpoint_003,15000,5864,interior_index
checkpoint_003,15000,6729,interior_index
checkpoint_003,15000,7155,interior_index
checkpoint_003,15000,7959,interior_index
checkpoint_003,15000,8471,interior_index
checkpoint_003,15000,9756,interior_index
checkpoint_003,15000,10626,interior_index
checkpoint_003,15000,11052,interior_index
checkpoint_003,15000,12175,interior_index
checkpoint_003,15000,12243,interior_index
checkpoint_003,15000,12385,interior_index
checkpoint_003,15000,13674,interior_index
checkpoint_003,15000,14374,interior_index
checkpoint_003,15000,15068,interior_index
checkpoint_003,15000,15685,interior_index
checkpoint_003,15000,16363,interior_index
checkpoint_003,15000,16555,interior_index
checkpoint_003,15000,17552,interior_index
checkpoint_003,15000,18853,interior_index
checkpoint_003,15000,18963,interior_index
checkpoint_003,15000,20128,interior_index
checkpoint_003,15000,20346,interior_index
checkpoint_003,15000,21422,interior_index
checkpoint_003,15000,22737,interior_index
checkpoint_003,15000,22894,interior_index
checkpoint_003,15000,23042,interior_index
checkpoint_003,15000,23203,interior_index
checkpoint_003,15000,24092,interior_index
checkpoint_003,15000,24552,interior_index
checkpoint_003,15000,25412,interior_index
checkpoint_003,15000,26447,interior_index
checkpoint_003,15000,2,interior_table
checkpoint_003,15000,674,interior_table
checkpoint_003,15000,675,interior_table
checkpoint_003,15000,1267,interior_table
checkpoint_003,15000,1866,interior_table
checkpoint_003,15000,2390,interior_table
checkpoint_003,15000,2909,interior_table
checkpoint_003,15000,3433,interior_table
checkpoint_003,15000,3964,interior_table
checkpoint_003,15000,4479,interior_table
checkpoint_003,15000,4998,interior_table
checkpoint_003,15000,5532,interior_table
checkpoint_003,15000,6053,interior_table
checkpoint_003,15000,6570,interior_table
checkpoint_003,15000,7092,interior_table
checkpoint_003,15000,7622,interior_table
checkpoint_003,15000,8150,interior_table
checkpoint_003,15000,8673,interior_table
checkpoint_003,15000,9178,interior_table
checkpoint_003,15000,9711,interior_table
checkpoint_003,15000,10227,interior_table
checkpoint_003,15000,10758,interior_table
checkpoint_003,15000,11284,interior_table
checkpoint_003,15000,11808,interior_table
checkpoint_003,15000,12357,interior_table
checkpoint_003,15000,12873,interior_table
checkpoint_003,15000,13392,interior_table
checkpoint_003,15000,13925,interior_table
checkpoint_003,15000,14499,interior_table
checkpoint_003,15000,15060,interior_table
checkpoint_003,15000,15596,interior_table
checkpoint_003,15000,16117,interior_table
checkpoint_003,15000,16605,interior_table
checkpoint_003,15000,17083,interior_table
checkpoint_003,15000,17565,interior_table
checkpoint_003,15000,18071,interior_table
checkpoint_003,15000,18599,interior_table
checkpoint_003,15000,19142,interior_table
checkpoint_003,15000,19638,interior_table
checkpoint_003,15000,20156,interior_table
checkpoint_003,15000,20679,interior_table
checkpoint_003,15000,21202,interior_table
checkpoint_003,15000,21724,interior_table
checkpoint_003,15000,22262,interior_table
checkpoint_003,15000,22786,interior_table
checkpoint_003,15000,23334,interior_table
checkpoint_003,15000,23882,interior_table
checkpoint_003,15000,24408,interior_table
checkpoint_003,15000,24960,interior_table
checkpoint_003,15000,25481,interior_table
checkpoint_003,15000,26007,interior_table
checkpoint_004,20000,3,interior_index
checkpoint_004,20000,4,interior_index
checkpoint_004,20000,1588,interior_index
checkpoint_004,20000,1589,interior_index
checkpoint_004,20000,1640,interior_index
checkpoint_004,20000,1641,interior_index
checkpoint_004,20000,3071,interior_index
checkpoint_004,20000,3183,interior_index
checkpoint_004,20000,4552,interior_index
checkpoint_004,20000,4699,interior_index
checkpoint_004,20000,5598,interior_index
checkpoint_004,20000,5864,interior_index
checkpoint_004,20000,6729,interior_index
checkpoint_004,20000,7155,interior_index
checkpoint_004,20000,7959,interior_index
checkpoint_004,20000,8471,interior_index
checkpoint_004,20000,9756,interior_index
checkpoint_004,20000,10626,interior_index
checkpoint_004,20000,11052,interior_index
checkpoint_004,20000,12175,interior_index
checkpoint_004,20000,12243,interior_index
checkpoint_004,20000,12385,interior_index
checkpoint_004,20000,13674,interior_index
checkpoint_004,20000,14374,interior_index
checkpoint_004,20000,15068,interior_index
checkpoint_004,20000,15685,interior_index
checkpoint_004,20000,16363,interior_index
checkpoint_004,20000,16555,interior_index
checkpoint_004,20000,17552,interior_index
checkpoint_004,20000,18853,interior_index
checkpoint_004,20000,18963,interior_index
checkpoint_004,20000,20128,interior_index
checkpoint_004,20000,20346,interior_index
checkpoint_004,20000,21422,interior_index
checkpoint_004,20000,22737,interior_index
checkpoint_004,20000,22894,interior_index
checkpoint_004,20000,23042,interior_index
checkpoint_004,20000,23203,interior_index
checkpoint_004,20000,24092,interior_index
checkpoint_004,20000,24552,interior_index
checkpoint_004,20000,25412,interior_index
checkpoint_004,20000,26447,interior_index
checkpoint_004,20000,2,interior_table
checkpoint_004,20000,674,interior_table
checkpoint_004,20000,675,interior_table
checkpoint_004,20000,1267,interior_table
checkpoint_004,20000,1866,interior_table
checkpoint_004,20000,2390,interior_table
checkpoint_004,20000,2909,interior_table
checkpoint_004,20000,3433,interior_table
checkpoint_004,20000,3964,interior_table
checkpoint_004,20000,4479,interior_table
checkpoint_004,20000,4998,interior_table
checkpoint_004,20000,5532,interior_table
checkpoint_004,20000,6053,interior_table
checkpoint_004,20000,6570,interior_table
checkpoint_004,20000,7092,interior_table
checkpoint_004,20000,7622,interior_table
checkpoint_004,20000,8150,interior_table
checkpoint_004,20000,8673,interior_table
checkpoint_004,20000,9178,interior_table
checkpoint_004,20000,9711,interior_table
checkpoint_004,20000,10227,interior_table
checkpoint_004,20000,10758,interior_table
checkpoint_004,20000,11284,interior_table
checkpoint_004,20000,11808,interior_table
checkpoint_004,20000,12357,interior_table
checkpoint_004,20000,12873,interior_table
checkpoint_004,20000,13392,interior_table
checkpoint_004,20000,13925,interior_table
checkpoint_004,20000,14499,interior_table
checkpoint_004,20000,15060,interior_table
checkpoint_004,20000,15596,interior_table
checkpoint_004,20000,16117,interior_table
checkpoint_004,20000,16605,interior_table
checkpoint_004,20000,17083,interior_table
checkpoint_004,20000,17565,interior_table
checkpoint_004,20000,18071,interior_table
checkpoint_004,20000,18599,interior_table
checkpoint_004,20000,19142,interior_table
checkpoint_004,20000,19638,interior_table
checkpoint_004,20000,20156,interior_table
checkpoint_004,20000,20679,interior_table
checkpoint_004,20000,21202,interior_table
checkpoint_004,20000,21724,interior_table
checkpoint_004,20000,22262,interior_table
checkpoint_004,20000,22786,interior_table
checkpoint_004,20000,23334,interior_table
checkpoint_004,20000,23882,interior_table
checkpoint_004,20000,24408,interior_table
checkpoint_004,20000,24960,interior_table
checkpoint_004,20000,25481,interior_table
checkpoint_004,20000,26007,interior_table
checkpoint_005,25000,3,interior_index
checkpoint_005,25000,4,interior_index
checkpoint_005,25000,1588,interior_index
checkpoint_005,25000,1589,interior_index
checkpoint_005,25000,1640,interior_index
checkpoint_005,25000,1641,interior_index
checkpoint_005,25000,3071,interior_index
checkpoint_005,25000,3183,interior_index
checkpoint_005,25000,4552,interior_index
checkpoint_005,25000,4699,interior_index
checkpoint_005,25000,5598,interior_index
checkpoint_005,25000,5864,interior_index
checkpoint_005,25000,6729,interior_index
checkpoint_005,25000,7155,interior_index
checkpoint_005,25000,7959,interior_index
checkpoint_005,25000,8471,interior_index
checkpoint_005,25000,9756,interior_index
checkpoint_005,25000,10626,interior_index
checkpoint_005,25000,11052,interior_index
checkpoint_005,25000,12175,interior_index
checkpoint_005,25000,12243,interior_index
checkpoint_005,25000,12385,interior_index
checkpoint_005,25000,13674,interior_index
checkpoint_005,25000,14374,interior_index
checkpoint_005,25000,15068,interior_index
checkpoint_005,25000,15685,interior_index
checkpoint_005,25000,16363,interior_index
checkpoint_005,25000,16555,interior_index
checkpoint_005,25000,17552,interior_index
checkpoint_005,25000,18853,interior_index
checkpoint_005,25000,18963,interior_index
checkpoint_005,25000,20128,interior_index
checkpoint_005,25000,20346,interior_index
checkpoint_005,25000,21422,interior_index
checkpoint_005,25000,22737,interior_index
checkpoint_005,25000,22894,interior_index
checkpoint_005,25000,23042,interior_index
checkpoint_005,25000,23203,interior_index
checkpoint_005,25000,24092,interior_index
checkpoint_005,25000,24552,interior_index
checkpoint_005,25000,25412,interior_index
checkpoint_005,25000,26447,interior_index
checkpoint_005,25000,2,interior_table
checkpoint_005,25000,674,interior_table
checkpoint_005,25000,675,interior_table
checkpoint_005,25000,1267,interior_table
checkpoint_005,25000,1866,interior_table
checkpoint_005,25000,2390,interior_table
checkpoint_005,25000,2909,interior_table
checkpoint_005,25000,3433,interior_table
checkpoint_005,25000,3964,interior_table
checkpoint_005,25000,4479,interior_table
checkpoint_005,25000,4998,interior_table
checkpoint_005,25000,5532,interior_table
checkpoint_005,25000,6053,interior_table
checkpoint_005,25000,6570,interior_table
checkpoint_005,25000,7092,interior_table
checkpoint_005,25000,7622,interior_table
checkpoint_005,25000,8150,interior_table
checkpoint_005,25000,8673,interior_table
checkpoint_005,25000,9178,interior_table
checkpoint_005,25000,9711,interior_table
checkpoint_005,25000,10227,interior_table
checkpoint_005,25000,10758,interior_table
checkpoint_005,25000,11284,interior_table
checkpoint_005,25000,11808,interior_table
checkpoint_005,25000,12357,interior_table
checkpoint_005,25000,12873,interior_table
checkpoint_005,25000,13392,interior_table
checkpoint_005,25000,13925,interior_table
checkpoint_005,25000,14499,interior_table
checkpoint_005,25000,15060,interior_table
checkpoint_005,25000,15596,interior_table
checkpoint_005,25000,16117,interior_table
checkpoint_005,25000,16605,interior_table
checkpoint_005,25000,17083,interior_table
checkpoint_005,25000,17565,interior_table
checkpoint_005,25000,18071,interior_table
checkpoint_005,25000,18599,interior_table
checkpoint_005,25000,19142,interior_table
checkpoint_005,25000,19638,interior_table
checkpoint_005,25000,20156,interior_table
checkpoint_005,25000,20679,interior_table
checkpoint_005,25000,21202,interior_table
checkpoint_005,25000,21724,interior_table
checkpoint_005,25000,22262,interior_table
checkpoint_005,25000,22786,interior_table
checkpoint_005,25000,23334,interior_table
checkpoint_005,25000,23882,interior_table
checkpoint_005,25000,24408,interior_table
checkpoint_005,25000,24960,interior_table
checkpoint_005,25000,25481,interior_table
checkpoint_005,25000,26007,interior_table
checkpoint_006,30000,3,interior_index
checkpoint_006,30000,4,interior_index
checkpoint_006,30000,1588,interior_index
checkpoint_006,30000,1589,interior_index
checkpoint_006,30000,1640,interior_index
checkpoint_006,30000,1641,interior_index
checkpoint_006,30000,3071,interior_index
checkpoint_006,30000,3183,interior_index
checkpoint_006,30000,4552,interior_index
checkpoint_006,30000,4699,interior_index
checkpoint_006,30000,5598,interior_index
checkpoint_006,30000,5864,interior_index
checkpoint_006,30000,6729,interior_index
checkpoint_006,30000,7155,interior_index
checkpoint_006,30000,7959,interior_index
checkpoint_006,30000,8471,interior_index
checkpoint_006,30000,9756,interior_index
checkpoint_006,30000,10626,interior_index
checkpoint_006,30000,11052,interior_index
checkpoint_006,30000,12175,interior_index
checkpoint_006,30000,12243,interior_index
checkpoint_006,30000,12385,interior_index
checkpoint_006,30000,13674,interior_index
checkpoint_006,30000,14374,interior_index
checkpoint_006,30000,15068,interior_index
checkpoint_006,30000,15685,interior_index
checkpoint_006,30000,16363,interior_index
checkpoint_006,30000,16555,interior_index
checkpoint_006,30000,17552,interior_index
checkpoint_006,30000,18853,interior_index
checkpoint_006,30000,18963,interior_index
checkpoint_006,30000,20128,interior_index
checkpoint_006,30000,20346,interior_index
checkpoint_006,30000,21422,interior_index
checkpoint_006,30000,22737,interior_index
checkpoint_006,30000,22894,interior_index
checkpoint_006,30000,23042,interior_index
checkpoint_006,30000,23203,interior_index
checkpoint_006,30000,24092,interior_index
checkpoint_006,30000,24552,interior_index
checkpoint_006,30000,25412,interior_index
checkpoint_006,30000,26447,interior_index
checkpoint_006,30000,2,interior_table
checkpoint_006,30000,674,interior_table
checkpoint_006,30000,675,interior_table
checkpoint_006,30000,1267,interior_table
checkpoint_006,30000,1866,interior_table
checkpoint_006,30000,2390,interior_table
checkpoint_006,30000,2909,interior_table
checkpoint_006,30000,3433,interior_table
checkpoint_006,30000,3964,interior_table
checkpoint_006,30000,4479,interior_table
checkpoint_006,30000,4998,interior_table
checkpoint_006,30000,5532,interior_table
checkpoint_006,30000,6053,interior_table
checkpoint_006,30000,6570,interior_table
checkpoint_006,30000,7092,interior_table
checkpoint_006,30000,7622,interior_table
checkpoint_006,30000,8150,interior_table
checkpoint_006,30000,8673,interior_table
checkpoint_006,30000,9178,interior_table
checkpoint_006,30000,9711,interior_table
checkpoint_006,30000,10227,interior_table
checkpoint_006,30000,10758,interior_table
checkpoint_006,30000,11284,interior_table
checkpoint_006,30000,11808,interior_table
checkpoint_006,30000,12357,interior_table
checkpoint_006,30000,12873,interior_table
checkpoint_006,30000,13392,interior_table
checkpoint_006,30000,13925,interior_table
checkpoint_006,30000,14499,interior_table
checkpoint_006,30000,15060,interior_table
checkpoint_006,30000,15596,interior_table
checkpoint_006,30000,16117,interior_table
checkpoint_006,30000,16605,interior_table
checkpoint_006,30000,17083,interior_table
checkpoint_006,30000,17565,interior_table
checkpoint_006,30000,18071,interior_table
checkpoint_006,30000,18599,interior_table
checkpoint_006,30000,19142,interior_table
checkpoint_006,30000,19638,interior_table
checkpoint_006,30000,20156,interior_table
checkpoint_006,30000,20679,interior_table
checkpoint_006,30000,21202,interior_table
checkpoint_006,30000,21724,interior_table
checkpoint_006,30000,22262,interior_table
checkpoint_006,30000,22786,interior_table
checkpoint_006,30000,23334,interior_table
checkpoint_006,30000,23882,interior_table
checkpoint_006,30000,24408,interior_table
checkpoint_006,30000,24960,interior_table
checkpoint_006,30000,25481,interior_table
checkpoint_006,30000,26007,interior_table
checkpoint_007,35000,3,interior_index
checkpoint_007,35000,4,interior_index
checkpoint_007,35000,1588,interior_index
checkpoint_007,35000,1589,interior_index
checkpoint_007,35000,1640,interior_index
checkpoint_007,35000,1641,interior_index
checkpoint_007,35000,3071,interior_index
checkpoint_007,35000,3183,interior_index
checkpoint_007,35000,4552,interior_index
checkpoint_007,35000,4699,interior_index
checkpoint_007,35000,5598,interior_index
checkpoint_007,35000,5864,interior_index
checkpoint_007,35000,6729,interior_index
checkpoint_007,35000,7155,interior_index
checkpoint_007,35000,7959,interior_index
checkpoint_007,35000,8471,interior_index
checkpoint_007,35000,9756,interior_index
checkpoint_007,35000,10626,interior_index
checkpoint_007,35000,11052,interior_index
checkpoint_007,35000,12175,interior_index
checkpoint_007,35000,12243,interior_index
checkpoint_007,35000,12385,interior_index
checkpoint_007,35000,13674,interior_index
checkpoint_007,35000,14374,interior_index
checkpoint_007,35000,15068,interior_index
checkpoint_007,35000,15685,interior_index
checkpoint_007,35000,16363,interior_index
checkpoint_007,35000,16555,interior_index
checkpoint_007,35000,17552,interior_index
checkpoint_007,35000,18853,interior_index
checkpoint_007,35000,18963,interior_index
checkpoint_007,35000,20128,interior_index
checkpoint_007,35000,20346,interior_index
checkpoint_007,35000,21422,interior_index
checkpoint_007,35000,22737,interior_index
checkpoint_007,35000,22894,interior_index
checkpoint_007,35000,23042,interior_index
checkpoint_007,35000,23203,interior_index
checkpoint_007,35000,24092,interior_index
checkpoint_007,35000,24552,interior_index
checkpoint_007,35000,25412,interior_index
checkpoint_007,35000,26447,interior_index
checkpoint_007,35000,2,interior_table
checkpoint_007,35000,674,interior_table
checkpoint_007,35000,675,interior_table
checkpoint_007,35000,1267,interior_table
checkpoint_007,35000,1866,interior_table
checkpoint_007,35000,2390,interior_table
checkpoint_007,35000,2909,interior_table
checkpoint_007,35000,3433,interior_table
checkpoint_007,35000,3964,interior_table
checkpoint_007,35000,4479,interior_table
checkpoint_007,35000,4998,interior_table
checkpoint_007,35000,5532,interior_table
checkpoint_007,35000,6053,interior_table
checkpoint_007,35000,6570,interior_table
checkpoint_007,35000,7092,interior_table
checkpoint_007,35000,7622,interior_table
checkpoint_007,35000,8150,interior_table
checkpoint_007,35000,8673,interior_table
checkpoint_007,35000,9178,interior_table
checkpoint_007,35000,9711,interior_table
checkpoint_007,35000,10227,interior_table
checkpoint_007,35000,10758,interior_table
checkpoint_007,35000,11284,interior_table
checkpoint_007,35000,11808,interior_table
checkpoint_007,35000,12357,interior_table
checkpoint_007,35000,12873,interior_table
checkpoint_007,35000,13392,interior_table
checkpoint_007,35000,13925,interior_table
checkpoint_007,35000,14499,interior_table
checkpoint_007,35000,15060,interior_table
checkpoint_007,35000,15596,interior_table
checkpoint_007,35000,16117,interior_table
checkpoint_007,35000,16605,interior_table
checkpoint_007,35000,17083,interior_table
checkpoint_007,35000,17565,interior_table
checkpoint_007,35000,18071,interior_table
checkpoint_007,35000,18599,interior_table
checkpoint_007,35000,19142,interior_table
checkpoint_007,35000,19638,interior_table
checkpoint_007,35000,20156,interior_table
checkpoint_007,35000,20679,interior_table
checkpoint_007,35000,21202,interior_table
checkpoint_007,35000,21724,interior_table
checkpoint_007,35000,22262,interior_table
checkpoint_007,35000,22786,interior_table
checkpoint_007,35000,23334,interior_table
checkpoint_007,35000,23882,interior_table
checkpoint_007,35000,24408,interior_table
checkpoint_007,35000,24960,interior_table
checkpoint_007,35000,25481,interior_table
checkpoint_007,35000,26007,interior_table
checkpoint_008,40000,3,interior_index
checkpoint_008,40000,4,interior_index
checkpoint_008,40000,1588,interior_index
checkpoint_008,40000,1589,interior_index
checkpoint_008,40000,1640,interior_index
checkpoint_008,40000,1641,interior_index
checkpoint_008,40000,3071,interior_index
checkpoint_008,40000,3183,interior_index
checkpoint_008,40000,4552,interior_index
checkpoint_008,40000,4699,interior_index
checkpoint_008,40000,5598,interior_index
checkpoint_008,40000,5864,interior_index
checkpoint_008,40000,6729,interior_index
checkpoint_008,40000,7155,interior_index
checkpoint_008,40000,7959,interior_index
checkpoint_008,40000,8471,interior_index
checkpoint_008,40000,9756,interior_index
checkpoint_008,40000,10626,interior_index
checkpoint_008,40000,11052,interior_index
checkpoint_008,40000,12175,interior_index
checkpoint_008,40000,12243,interior_index
checkpoint_008,40000,12385,interior_index
checkpoint_008,40000,13674,interior_index
checkpoint_008,40000,14374,interior_index
checkpoint_008,40000,15068,interior_index
checkpoint_008,40000,15685,interior_index
checkpoint_008,40000,16363,interior_index
checkpoint_008,40000,16555,interior_index
checkpoint_008,40000,17552,interior_index
checkpoint_008,40000,18853,interior_index
checkpoint_008,40000,18963,interior_index
checkpoint_008,40000,20128,interior_index
checkpoint_008,40000,20346,interior_index
checkpoint_008,40000,21422,interior_index
checkpoint_008,40000,22737,interior_index
checkpoint_008,40000,22894,interior_index
checkpoint_008,40000,23042,interior_index
checkpoint_008,40000,23203,interior_index
checkpoint_008,40000,24092,interior_index
checkpoint_008,40000,24552,interior_index
checkpoint_008,40000,25412,interior_index
checkpoint_008,40000,26447,interior_index
checkpoint_008,40000,2,interior_table
checkpoint_008,40000,674,interior_table
checkpoint_008,40000,675,interior_table
checkpoint_008,40000,1267,interior_table
checkpoint_008,40000,1866,interior_table
checkpoint_008,40000,2390,interior_table
checkpoint_008,40000,2909,interior_table
checkpoint_008,40000,3433,interior_table
checkpoint_008,40000,3964,interior_table
checkpoint_008,40000,4479,interior_table
checkpoint_008,40000,4998,interior_table
checkpoint_008,40000,5532,interior_table
checkpoint_008,40000,6053,interior_table
checkpoint_008,40000,6570,interior_table
checkpoint_008,40000,7092,interior_table
checkpoint_008,40000,7622,interior_table
checkpoint_008,40000,8150,interior_table
checkpoint_008,40000,8673,interior_table
checkpoint_008,40000,9178,interior_table
checkpoint_008,40000,9711,interior_table
checkpoint_008,40000,10227,interior_table
checkpoint_008,40000,10758,interior_table
checkpoint_008,40000,11284,interior_table
checkpoint_008,40000,11808,interior_table
checkpoint_008,40000,12357,interior_table
checkpoint_008,40000,12873,interior_table
checkpoint_008,40000,13392,interior_table
checkpoint_008,40000,13925,interior_table
checkpoint_008,40000,14499,interior_table
checkpoint_008,40000,15060,interior_table
checkpoint_008,40000,15596,interior_table
checkpoint_008,40000,16117,interior_table
checkpoint_008,40000,16605,interior_table
checkpoint_008,40000,17083,interior_table
checkpoint_008,40000,17565,interior_table
checkpoint_008,40000,18071,interior_table
checkpoint_008,40000,18599,interior_table
checkpoint_008,40000,19142,interior_table
checkpoint_008,40000,19638,interior_table
checkpoint_008,40000,20156,interior_table
checkpoint_008,40000,20679,interior_table
checkpoint_008,40000,21202,interior_table
checkpoint_008,40000,21724,interior_table
checkpoint_008,40000,22262,interior_table
checkpoint_008,40000,22786,interior_table
checkpoint_008,40000,23334,interior_table
checkpoint_008,40000,23882,interior_table
checkpoint_008,40000,24408,interior_table
checkpoint_008,40000,24960,interior_table
checkpoint_008,40000,25481,interior_table
checkpoint_008,40000,26007,interior_table
checkpoint_009,45000,3,interior_index
checkpoint_009,45000,4,interior_index
checkpoint_009,45000,1588,interior_index
checkpoint_009,45000,1589,interior_index
checkpoint_009,45000,1640,interior_index
checkpoint_009,45000,1641,interior_index
checkpoint_009,45000,3071,interior_index
checkpoint_009,45000,3183,interior_index
checkpoint_009,45000,4552,interior_index
checkpoint_009,45000,4699,interior_index
checkpoint_009,45000,5598,interior_index
checkpoint_009,45000,5864,interior_index
checkpoint_009,45000,6729,interior_index
checkpoint_009,45000,7155,interior_index
checkpoint_009,45000,7959,interior_index
checkpoint_009,45000,8471,interior_index
checkpoint_009,45000,9756,interior_index
checkpoint_009,45000,10626,interior_index
checkpoint_009,45000,11052,interior_index
checkpoint_009,45000,12175,interior_index
checkpoint_009,45000,12243,interior_index
checkpoint_009,45000,12385,interior_index
checkpoint_009,45000,13674,interior_index
checkpoint_009,45000,14374,interior_index
checkpoint_009,45000,15068,interior_index
checkpoint_009,45000,15685,interior_index
checkpoint_009,45000,16363,interior_index
checkpoint_009,45000,16555,interior_index
checkpoint_009,45000,17552,interior_index
checkpoint_009,45000,18853,interior_index
checkpoint_009,45000,18963,interior_index
checkpoint_009,45000,20128,interior_index
checkpoint_009,45000,20346,interior_index
checkpoint_009,45000,21422,interior_index
checkpoint_009,45000,22737,interior_index
checkpoint_009,45000,22894,interior_index
checkpoint_009,45000,23042,interior_index
checkpoint_009,45000,23203,interior_index
checkpoint_009,45000,24092,interior_index
checkpoint_009,45000,24552,interior_index
checkpoint_009,45000,25412,interior_index
checkpoint_009,45000,26447,interior_index
checkpoint_009,45000,2,interior_table
checkpoint_009,45000,674,interior_table
checkpoint_009,45000,675,interior_table
checkpoint_009,45000,1267,interior_table
checkpoint_009,45000,1866,interior_table
checkpoint_009,45000,2390,interior_table
checkpoint_009,45000,2909,interior_table
checkpoint_009,45000,3433,interior_table
checkpoint_009,45000,3964,interior_table
checkpoint_009,45000,4479,interior_table
checkpoint_009,45000,4998,interior_table
checkpoint_009,45000,5532,interior_table
checkpoint_009,45000,6053,interior_table
checkpoint_009,45000,6570,interior_table
checkpoint_009,45000,7092,interior_table
checkpoint_009,45000,7622,interior_table
checkpoint_009,45000,8150,interior_table
checkpoint_009,45000,8673,interior_table
checkpoint_009,45000,9178,interior_table
checkpoint_009,45000,9711,interior_table
checkpoint_009,45000,10227,interior_table
checkpoint_009,45000,10758,interior_table
checkpoint_009,45000,11284,interior_table
checkpoint_009,45000,11808,interior_table
checkpoint_009,45000,12357,interior_table
checkpoint_009,45000,12873,interior_table
checkpoint_009,45000,13392,interior_table
checkpoint_009,45000,13925,interior_table
checkpoint_009,45000,14499,interior_table
checkpoint_009,45000,15060,interior_table
checkpoint_009,45000,15596,interior_table
checkpoint_009,45000,16117,interior_table
checkpoint_009,45000,16605,interior_table
checkpoint_009,45000,17083,interior_table
checkpoint_009,45000,17565,interior_table
checkpoint_009,45000,18071,interior_table
checkpoint_009,45000,18599,interior_table
checkpoint_009,45000,19142,interior_table
checkpoint_009,45000,19638,interior_table
checkpoint_009,45000,20156,interior_table
checkpoint_009,45000,20679,interior_table
checkpoint_009,45000,21202,interior_table
checkpoint_009,45000,21724,interior_table
checkpoint_009,45000,22262,interior_table
checkpoint_009,45000,22786,interior_table
checkpoint_009,45000,23334,interior_table
checkpoint_009,45000,23882,interior_table
checkpoint_009,45000,24408,interior_table
checkpoint_009,45000,24960,interior_table
checkpoint_009,45000,25481,interior_table
checkpoint_009,45000,26007,interior_table
checkpoint_010,50000,3,interior_index
checkpoint_010,50000,4,interior_index
checkpoint_010,50000,1588,interior_index
checkpoint_010,50000,1589,interior_index
checkpoint_010,50000,1640,interior_index
checkpoint_010,50000,1641,interior_index
checkpoint_010,50000,3071,interior_index
checkpoint_010,50000,3183,interior_index
checkpoint_010,50000,4552,interior_index
checkpoint_010,50000,4699,interior_index
checkpoint_010,50000,5598,interior_index
checkpoint_010,50000,5864,interior_index
checkpoint_010,50000,6729,interior_index
checkpoint_010,50000,7155,interior_index
checkpoint_010,50000,7959,interior_index
checkpoint_010,50000,8471,interior_index
checkpoint_010,50000,9756,interior_index
checkpoint_010,50000,10626,interior_index
checkpoint_010,50000,11052,interior_index
checkpoint_010,50000,12175,interior_index
checkpoint_010,50000,12243,interior_index
checkpoint_010,50000,12385,interior_index
checkpoint_010,50000,13674,interior_index
checkpoint_010,50000,14374,interior_index
checkpoint_010,50000,15068,interior_index
checkpoint_010,50000,15685,interior_index
checkpoint_010,50000,16363,interior_index
checkpoint_010,50000,16555,interior_index
checkpoint_010,50000,17552,interior_index
checkpoint_010,50000,18853,interior_index
checkpoint_010,50000,18963,interior_index
checkpoint_010,50000,20128,interior_index
checkpoint_010,50000,20346,interior_index
checkpoint_010,50000,21422,interior_index
checkpoint_010,50000,22737,interior_index
checkpoint_010,50000,22894,interior_index
checkpoint_010,50000,23042,interior_index
checkpoint_010,50000,23203,interior_index
checkpoint_010,50000,24092,interior_index
checkpoint_010,50000,24552,interior_index
checkpoint_010,50000,25412,interior_index
checkpoint_010,50000,26447,interior_index
checkpoint_010,50000,2,interior_table
checkpoint_010,50000,674,interior_table
checkpoint_010,50000,675,interior_table
checkpoint_010,50000,1267,interior_table
checkpoint_010,50000,1866,interior_table
checkpoint_010,50000,2390,interior_table
checkpoint_010,50000,2909,interior_table
checkpoint_010,50000,3433,interior_table
checkpoint_010,50000,3964,interior_table
checkpoint_010,50000,4479,interior_table
checkpoint_010,50000,4998,interior_table
checkpoint_010,50000,5532,interior_table
checkpoint_010,50000,6053,interior_table
checkpoint_010,50000,6570,interior_table
checkpoint_010,50000,7092,interior_table
checkpoint_010,50000,7622,interior_table
checkpoint_010,50000,8150,interior_table
checkpoint_010,50000,8673,interior_table
checkpoint_010,50000,9178,interior_table
checkpoint_010,50000,9711,interior_table
checkpoint_010,50000,10227,interior_table
checkpoint_010,50000,10758,interior_table
checkpoint_010,50000,11284,interior_table
checkpoint_010,50000,11808,interior_table
checkpoint_010,50000,12357,interior_table
checkpoint_010,50000,12873,interior_table
checkpoint_010,50000,13392,interior_table
checkpoint_010,50000,13925,interior_table
checkpoint_010,50000,14499,interior_table
checkpoint_010,50000,15060,interior_table
checkpoint_010,50000,15596,interior_table
checkpoint_010,50000,16117,interior_table
checkpoint_010,50000,16605,interior_table
checkpoint_010,50000,17083,interior_table
checkpoint_010,50000,17565,interior_table
checkpoint_010,50000,18071,interior_table
checkpoint_010,50000,18599,interior_table
checkpoint_010,50000,19142,interior_table
checkpoint_010,50000,19638,interior_table
checkpoint_010,50000,20156,interior_table
checkpoint_010,50000,20679,interior_table
checkpoint_010,50000,21202,interior_table
checkpoint_010,50000,21724,interior_table
checkpoint_010,50000,22262,interior_table
checkpoint_010,50000,22786,interior_table
checkpoint_010,50000,23334,interior_table
checkpoint_010,50000,23882,interior_table
checkpoint_010,50000,24408,interior_table
checkpoint_010,50000,24960,interior_table
checkpoint_010,50000,25481,interior_table
checkpoint_010,50000,26007,interior_table
